ISO-10303-21;
HEADER;
FILE_DESCRIPTION(('Open CASCADE Model'),'2;1');
FILE_NAME('Open CASCADE Shape Model','2026-10-03T18:22:11',('Author'),(
    'Open CASCADE'),'Open CASCADE STEP processor 8.0','build123d',
  'Unknown');
FILE_SCHEMA(('AUTOMOTIVE_DESIGN { 1 0 10303 214 1 1 1 1 }'));
ENDSEC;
DATA;
#1 = APPLICATION_PROTOCOL_DEFINITION('international standard',
  'automotive_design',2000,#2);
#2 = APPLICATION_CONTEXT(
  'core data for automotive mechanical design processes');
#3 = SHAPE_DEFINITION_REPRESENTATION(#4,#10);
#4 = PRODUCT_DEFINITION_SHAPE('','',#5);
#5 = PRODUCT_DEFINITION('design','',#6,#9);
#6 = PRODUCT_DEFINITION_FORMATION('','',#7);
#7 = PRODUCT('COMPOUND','COMPOUND','',(#8));
#8 = PRODUCT_CONTEXT('',#2,'mechanical');
#9 = PRODUCT_DEFINITION_CONTEXT('part definition',#2,'design');
#10 = ADVANCED_BREP_SHAPE_REPRESENTATION('',(#11,#15),#4151);
#11 = AXIS2_PLACEMENT_3D('',#12,#13,#14);
#12 = CARTESIAN_POINT('',(0.,0.,0.));
#13 = DIRECTION('',(0.,0.,1.));
#14 = DIRECTION('',(1.,0.,-0.));
#15 = MANIFOLD_SOLID_BREP('',#16);
#16 = CLOSED_SHELL('',(#17,#375,#901,#951,#1005,#1654,#1703,#1752,#1865,
    #1934,#1981,#2028,#2053,#2103,#2130,#2157,#2184,#2211,#2285,#2362,
    #2431,#2478,#2505,#2559,#2608,#2658,#2705,#2752,#2801,#2855,#2891,
    #2940,#2989,#3016,#3023,#3078,#3133,#3180,#3207,#3234,#3241,#3296,
    #3351,#3420,#3467,#3514,#3539,#3552,#3807,#3859,#3911,#3963,#4015,
    #4042,#4049,#4076,#4083,#4110,#4117,#4144));
#17 = ADVANCED_FACE('',(#18,#238,#344),#32,.F.);
#18 = FACE_BOUND('',#19,.F.);
#19 = EDGE_LOOP('',(#20,#55,#83,#111,#137,#163,#189,#212));
#20 = ORIENTED_EDGE('',*,*,#21,.F.);
#21 = EDGE_CURVE('',#22,#24,#26,.T.);
#22 = VERTEX_POINT('',#23);
#23 = CARTESIAN_POINT('',(-43.,-23.,15.));
#24 = VERTEX_POINT('',#25);
#25 = CARTESIAN_POINT('',(-43.,23.,15.));
#26 = SURFACE_CURVE('',#27,(#31,#43),.PCURVE_S1.);
#27 = LINE('',#28,#29);
#28 = CARTESIAN_POINT('',(-43.,-29.,15.));
#29 = VECTOR('',#30,1.);
#30 = DIRECTION('',(-0.,1.,0.));
#31 = PCURVE('',#32,#37);
#32 = PLANE('',#33);
#33 = AXIS2_PLACEMENT_3D('',#34,#35,#36);
#34 = CARTESIAN_POINT('',(-43.,-29.,0.));
#35 = DIRECTION('',(1.,0.,-0.));
#36 = DIRECTION('',(0.,0.,1.));
#37 = DEFINITIONAL_REPRESENTATION('',(#38),#42);
#38 = LINE('',#39,#40);
#39 = CARTESIAN_POINT('',(15.,0.));
#40 = VECTOR('',#41,1.);
#41 = DIRECTION('',(0.,-1.));
#42 = ( GEOMETRIC_REPRESENTATION_CONTEXT(2) 
PARAMETRIC_REPRESENTATION_CONTEXT() REPRESENTATION_CONTEXT('2D SPACE',''
  ) );
#43 = PCURVE('',#44,#49);
#44 = PLANE('',#45);
#45 = AXIS2_PLACEMENT_3D('',#46,#47,#48);
#46 = CARTESIAN_POINT('',(-43.,-29.,15.));
#47 = DIRECTION('',(0.,0.,1.));
#48 = DIRECTION('',(1.,0.,-0.));
#49 = DEFINITIONAL_REPRESENTATION('',(#50),#54);
#50 = LINE('',#51,#52);
#51 = CARTESIAN_POINT('',(0.,0.));
#52 = VECTOR('',#53,1.);
#53 = DIRECTION('',(0.,1.));
#54 = ( GEOMETRIC_REPRESENTATION_CONTEXT(2) 
PARAMETRIC_REPRESENTATION_CONTEXT() REPRESENTATION_CONTEXT('2D SPACE',''
  ) );
#55 = ORIENTED_EDGE('',*,*,#56,.F.);
#56 = EDGE_CURVE('',#57,#22,#59,.T.);
#57 = VERTEX_POINT('',#58);
#58 = CARTESIAN_POINT('',(-43.,-23.,0.));
#59 = SURFACE_CURVE('',#60,(#64,#71),.PCURVE_S1.);
#60 = LINE('',#61,#62);
#61 = CARTESIAN_POINT('',(-43.,-23.,0.));
#62 = VECTOR('',#63,1.);
#63 = DIRECTION('',(0.,0.,1.));
#64 = PCURVE('',#32,#65);
#65 = DEFINITIONAL_REPRESENTATION('',(#66),#70);
#66 = LINE('',#67,#68);
#67 = CARTESIAN_POINT('',(0.,-6.));
#68 = VECTOR('',#69,1.);
#69 = DIRECTION('',(1.,0.));
#70 = ( GEOMETRIC_REPRESENTATION_CONTEXT(2) 
PARAMETRIC_REPRESENTATION_CONTEXT() REPRESENTATION_CONTEXT('2D SPACE',''
  ) );
#71 = PCURVE('',#72,#77);
#72 = CYLINDRICAL_SURFACE('',#73,6.);
#73 = AXIS2_PLACEMENT_3D('',#74,#75,#76);
#74 = CARTESIAN_POINT('',(-37.,-23.,0.));
#75 = DIRECTION('',(0.,0.,1.));
#76 = DIRECTION('',(-1.,-0.,0.));
#77 = DEFINITIONAL_REPRESENTATION('',(#78),#82);
#78 = LINE('',#79,#80);
#79 = CARTESIAN_POINT('',(0.,0.));
#80 = VECTOR('',#81,1.);
#81 = DIRECTION('',(0.,1.));
#82 = ( GEOMETRIC_REPRESENTATION_CONTEXT(2) 
PARAMETRIC_REPRESENTATION_CONTEXT() REPRESENTATION_CONTEXT('2D SPACE',''
  ) );
#83 = ORIENTED_EDGE('',*,*,#84,.T.);
#84 = EDGE_CURVE('',#57,#85,#87,.T.);
#85 = VERTEX_POINT('',#86);
#86 = CARTESIAN_POINT('',(-43.,-20.,0.));
#87 = SURFACE_CURVE('',#88,(#92,#99),.PCURVE_S1.);
#88 = LINE('',#89,#90);
#89 = CARTESIAN_POINT('',(-43.,-29.,0.));
#90 = VECTOR('',#91,1.);
#91 = DIRECTION('',(-0.,1.,0.));
#92 = PCURVE('',#32,#93);
#93 = DEFINITIONAL_REPRESENTATION('',(#94),#98);
#94 = LINE('',#95,#96);
#95 = CARTESIAN_POINT('',(0.,0.));
#96 = VECTOR('',#97,1.);
#97 = DIRECTION('',(0.,-1.));
#98 = ( GEOMETRIC_REPRESENTATION_CONTEXT(2) 
PARAMETRIC_REPRESENTATION_CONTEXT() REPRESENTATION_CONTEXT('2D SPACE',''
  ) );
#99 = PCURVE('',#100,#105);
#100 = PLANE('',#101);
#101 = AXIS2_PLACEMENT_3D('',#102,#103,#104);
#102 = CARTESIAN_POINT('',(-43.,-29.,0.));
#103 = DIRECTION('',(0.,0.,1.));
#104 = DIRECTION('',(1.,0.,-0.));
#105 = DEFINITIONAL_REPRESENTATION('',(#106),#110);
#106 = LINE('',#107,#108);
#107 = CARTESIAN_POINT('',(0.,0.));
#108 = VECTOR('',#109,1.);
#109 = DIRECTION('',(0.,1.));
#110 = ( GEOMETRIC_REPRESENTATION_CONTEXT(2) 
PARAMETRIC_REPRESENTATION_CONTEXT() REPRESENTATION_CONTEXT('2D SPACE',''
  ) );
#111 = ORIENTED_EDGE('',*,*,#112,.T.);
#112 = EDGE_CURVE('',#85,#113,#115,.T.);
#113 = VERTEX_POINT('',#114);
#114 = CARTESIAN_POINT('',(-43.,-20.,5.));
#115 = SURFACE_CURVE('',#116,(#120,#126),.PCURVE_S1.);
#116 = LINE('',#117,#118);
#117 = CARTESIAN_POINT('',(-43.,-20.,0.));
#118 = VECTOR('',#119,1.);
#119 = DIRECTION('',(0.,0.,1.));
#120 = PCURVE('',#32,#121);
#121 = DEFINITIONAL_REPRESENTATION('',(#122),#125);
#122 = B_SPLINE_CURVE_WITH_KNOTS('',1,(#123,#124),.UNSPECIFIED.,.F.,.F.,
  (2,2),(0.,5.),.PIECEWISE_BEZIER_KNOTS.);
#123 = CARTESIAN_POINT('',(0.,-9.));
#124 = CARTESIAN_POINT('',(5.,-9.));
#125 = ( GEOMETRIC_REPRESENTATION_CONTEXT(2) 
PARAMETRIC_REPRESENTATION_CONTEXT() REPRESENTATION_CONTEXT('2D SPACE',''
  ) );
#126 = PCURVE('',#127,#132);
#127 = PLANE('',#128);
#128 = AXIS2_PLACEMENT_3D('',#129,#130,#131);
#129 = CARTESIAN_POINT('',(-53.,-20.,0.));
#130 = DIRECTION('',(-0.,1.,0.));
#131 = DIRECTION('',(0.,0.,1.));
#132 = DEFINITIONAL_REPRESENTATION('',(#133),#136);
#133 = B_SPLINE_CURVE_WITH_KNOTS('',1,(#134,#135),.UNSPECIFIED.,.F.,.F.,
  (2,2),(0.,5.),.PIECEWISE_BEZIER_KNOTS.);
#134 = CARTESIAN_POINT('',(0.,10.));
#135 = CARTESIAN_POINT('',(5.,10.));
#136 = ( GEOMETRIC_REPRESENTATION_CONTEXT(2) 
PARAMETRIC_REPRESENTATION_CONTEXT() REPRESENTATION_CONTEXT('2D SPACE',''
  ) );
#137 = ORIENTED_EDGE('',*,*,#138,.F.);
#138 = EDGE_CURVE('',#139,#113,#141,.T.);
#139 = VERTEX_POINT('',#140);
#140 = CARTESIAN_POINT('',(-43.,20.,5.));
#141 = SURFACE_CURVE('',#142,(#146,#152),.PCURVE_S1.);
#142 = LINE('',#143,#144);
#143 = CARTESIAN_POINT('',(-43.,-24.5,5.));
#144 = VECTOR('',#145,1.);
#145 = DIRECTION('',(0.,-1.,0.));
#146 = PCURVE('',#32,#147);
#147 = DEFINITIONAL_REPRESENTATION('',(#148),#151);
#148 = B_SPLINE_CURVE_WITH_KNOTS('',1,(#149,#150),.UNSPECIFIED.,.F.,.F.,
  (2,2),(-44.5,-4.5),.PIECEWISE_BEZIER_KNOTS.);
#149 = CARTESIAN_POINT('',(5.,-49.));
#150 = CARTESIAN_POINT('',(5.,-9.));
#151 = ( GEOMETRIC_REPRESENTATION_CONTEXT(2) 
PARAMETRIC_REPRESENTATION_CONTEXT() REPRESENTATION_CONTEXT('2D SPACE',''
  ) );
#152 = PCURVE('',#153,#158);
#153 = PLANE('',#154);
#154 = AXIS2_PLACEMENT_3D('',#155,#156,#157);
#155 = CARTESIAN_POINT('',(-53.,-20.,5.));
#156 = DIRECTION('',(0.,0.,1.));
#157 = DIRECTION('',(1.,0.,-0.));
#158 = DEFINITIONAL_REPRESENTATION('',(#159),#162);
#159 = B_SPLINE_CURVE_WITH_KNOTS('',1,(#160,#161),.UNSPECIFIED.,.F.,.F.,
  (2,2),(-44.5,-4.5),.PIECEWISE_BEZIER_KNOTS.);
#160 = CARTESIAN_POINT('',(10.,40.));
#161 = CARTESIAN_POINT('',(10.,0.));
#162 = ( GEOMETRIC_REPRESENTATION_CONTEXT(2) 
PARAMETRIC_REPRESENTATION_CONTEXT() REPRESENTATION_CONTEXT('2D SPACE',''
  ) );
#163 = ORIENTED_EDGE('',*,*,#164,.F.);
#164 = EDGE_CURVE('',#165,#139,#167,.T.);
#165 = VERTEX_POINT('',#166);
#166 = CARTESIAN_POINT('',(-43.,20.,0.));
#167 = SURFACE_CURVE('',#168,(#172,#178),.PCURVE_S1.);
#168 = LINE('',#169,#170);
#169 = CARTESIAN_POINT('',(-43.,20.,0.));
#170 = VECTOR('',#171,1.);
#171 = DIRECTION('',(0.,0.,1.));
#172 = PCURVE('',#32,#173);
#173 = DEFINITIONAL_REPRESENTATION('',(#174),#177);
#174 = B_SPLINE_CURVE_WITH_KNOTS('',1,(#175,#176),.UNSPECIFIED.,.F.,.F.,
  (2,2),(0.,5.),.PIECEWISE_BEZIER_KNOTS.);
#175 = CARTESIAN_POINT('',(0.,-49.));
#176 = CARTESIAN_POINT('',(5.,-49.));
#177 = ( GEOMETRIC_REPRESENTATION_CONTEXT(2) 
PARAMETRIC_REPRESENTATION_CONTEXT() REPRESENTATION_CONTEXT('2D SPACE',''
  ) );
#178 = PCURVE('',#179,#184);
#179 = PLANE('',#180);
#180 = AXIS2_PLACEMENT_3D('',#181,#182,#183);
#181 = CARTESIAN_POINT('',(-53.,20.,0.));
#182 = DIRECTION('',(-0.,1.,0.));
#183 = DIRECTION('',(0.,0.,1.));
#184 = DEFINITIONAL_REPRESENTATION('',(#185),#188);
#185 = B_SPLINE_CURVE_WITH_KNOTS('',1,(#186,#187),.UNSPECIFIED.,.F.,.F.,
  (2,2),(0.,5.),.PIECEWISE_BEZIER_KNOTS.);
#186 = CARTESIAN_POINT('',(0.,10.));
#187 = CARTESIAN_POINT('',(5.,10.));
#188 = ( GEOMETRIC_REPRESENTATION_CONTEXT(2) 
PARAMETRIC_REPRESENTATION_CONTEXT() REPRESENTATION_CONTEXT('2D SPACE',''
  ) );
#189 = ORIENTED_EDGE('',*,*,#190,.T.);
#190 = EDGE_CURVE('',#165,#191,#193,.T.);
#191 = VERTEX_POINT('',#192);
#192 = CARTESIAN_POINT('',(-43.,23.,0.));
#193 = SURFACE_CURVE('',#194,(#198,#205),.PCURVE_S1.);
#194 = LINE('',#195,#196);
#195 = CARTESIAN_POINT('',(-43.,-29.,0.));
#196 = VECTOR('',#197,1.);
#197 = DIRECTION('',(-0.,1.,0.));
#198 = PCURVE('',#32,#199);
#199 = DEFINITIONAL_REPRESENTATION('',(#200),#204);
#200 = LINE('',#201,#202);
#201 = CARTESIAN_POINT('',(0.,0.));
#202 = VECTOR('',#203,1.);
#203 = DIRECTION('',(0.,-1.));
#204 = ( GEOMETRIC_REPRESENTATION_CONTEXT(2) 
PARAMETRIC_REPRESENTATION_CONTEXT() REPRESENTATION_CONTEXT('2D SPACE',''
  ) );
#205 = PCURVE('',#100,#206);
#206 = DEFINITIONAL_REPRESENTATION('',(#207),#211);
#207 = LINE('',#208,#209);
#208 = CARTESIAN_POINT('',(0.,0.));
#209 = VECTOR('',#210,1.);
#210 = DIRECTION('',(0.,1.));
#211 = ( GEOMETRIC_REPRESENTATION_CONTEXT(2) 
PARAMETRIC_REPRESENTATION_CONTEXT() REPRESENTATION_CONTEXT('2D SPACE',''
  ) );
#212 = ORIENTED_EDGE('',*,*,#213,.T.);
#213 = EDGE_CURVE('',#191,#24,#214,.T.);
#214 = SURFACE_CURVE('',#215,(#219,#226),.PCURVE_S1.);
#215 = LINE('',#216,#217);
#216 = CARTESIAN_POINT('',(-43.,23.,0.));
#217 = VECTOR('',#218,1.);
#218 = DIRECTION('',(0.,0.,1.));
#219 = PCURVE('',#32,#220);
#220 = DEFINITIONAL_REPRESENTATION('',(#221),#225);
#221 = LINE('',#222,#223);
#222 = CARTESIAN_POINT('',(0.,-52.));
#223 = VECTOR('',#224,1.);
#224 = DIRECTION('',(1.,0.));
#225 = ( GEOMETRIC_REPRESENTATION_CONTEXT(2) 
PARAMETRIC_REPRESENTATION_CONTEXT() REPRESENTATION_CONTEXT('2D SPACE',''
  ) );
#226 = PCURVE('',#227,#232);
#227 = CYLINDRICAL_SURFACE('',#228,6.);
#228 = AXIS2_PLACEMENT_3D('',#229,#230,#231);
#229 = CARTESIAN_POINT('',(-37.,23.,0.));
#230 = DIRECTION('',(0.,0.,1.));
#231 = DIRECTION('',(-1.,-0.,0.));
#232 = DEFINITIONAL_REPRESENTATION('',(#233),#237);
#233 = LINE('',#234,#235);
#234 = CARTESIAN_POINT('',(-0.,0.));
#235 = VECTOR('',#236,1.);
#236 = DIRECTION('',(-0.,1.));
#237 = ( GEOMETRIC_REPRESENTATION_CONTEXT(2) 
PARAMETRIC_REPRESENTATION_CONTEXT() REPRESENTATION_CONTEXT('2D SPACE',''
  ) );
#238 = FACE_BOUND('',#239,.F.);
#239 = EDGE_LOOP('',(#240,#268,#294,#320));
#240 = ORIENTED_EDGE('',*,*,#241,.T.);
#241 = EDGE_CURVE('',#242,#244,#246,.T.);
#242 = VERTEX_POINT('',#243);
#243 = CARTESIAN_POINT('',(-43.,11.,9.3));
#244 = VERTEX_POINT('',#245);
#245 = CARTESIAN_POINT('',(-43.,1.,9.3));
#246 = SURFACE_CURVE('',#247,(#251,#257),.PCURVE_S1.);
#247 = LINE('',#248,#249);
#248 = CARTESIAN_POINT('',(-43.,-14.,9.3));
#249 = VECTOR('',#250,1.);
#250 = DIRECTION('',(0.,-1.,0.));
#251 = PCURVE('',#32,#252);
#252 = DEFINITIONAL_REPRESENTATION('',(#253),#256);
#253 = B_SPLINE_CURVE_WITH_KNOTS('',1,(#254,#255),.UNSPECIFIED.,.F.,.F.,
  (2,2),(-25.,-15.),.PIECEWISE_BEZIER_KNOTS.);
#254 = CARTESIAN_POINT('',(9.3,-40.));
#255 = CARTESIAN_POINT('',(9.3,-30.));
#256 = ( GEOMETRIC_REPRESENTATION_CONTEXT(2) 
PARAMETRIC_REPRESENTATION_CONTEXT() REPRESENTATION_CONTEXT('2D SPACE',''
  ) );
#257 = PCURVE('',#258,#263);
#258 = PLANE('',#259);
#259 = AXIS2_PLACEMENT_3D('',#260,#261,#262);
#260 = CARTESIAN_POINT('',(-46.75,1.,9.3));
#261 = DIRECTION('',(0.,0.,1.));
#262 = DIRECTION('',(1.,0.,-0.));
#263 = DEFINITIONAL_REPRESENTATION('',(#264),#267);
#264 = B_SPLINE_CURVE_WITH_KNOTS('',1,(#265,#266),.UNSPECIFIED.,.F.,.F.,
  (2,2),(-25.,-15.),.PIECEWISE_BEZIER_KNOTS.);
#265 = CARTESIAN_POINT('',(3.75,10.));
#266 = CARTESIAN_POINT('',(3.75,0.));
#267 = ( GEOMETRIC_REPRESENTATION_CONTEXT(2) 
PARAMETRIC_REPRESENTATION_CONTEXT() REPRESENTATION_CONTEXT('2D SPACE',''
  ) );
#268 = ORIENTED_EDGE('',*,*,#269,.T.);
#269 = EDGE_CURVE('',#244,#270,#272,.T.);
#270 = VERTEX_POINT('',#271);
#271 = CARTESIAN_POINT('',(-43.,1.,13.9));
#272 = SURFACE_CURVE('',#273,(#277,#283),.PCURVE_S1.);
#273 = LINE('',#274,#275);
#274 = CARTESIAN_POINT('',(-43.,1.,4.65));
#275 = VECTOR('',#276,1.);
#276 = DIRECTION('',(0.,0.,1.));
#277 = PCURVE('',#32,#278);
#278 = DEFINITIONAL_REPRESENTATION('',(#279),#282);
#279 = B_SPLINE_CURVE_WITH_KNOTS('',1,(#280,#281),.UNSPECIFIED.,.F.,.F.,
  (2,2),(4.65,9.25),.PIECEWISE_BEZIER_KNOTS.);
#280 = CARTESIAN_POINT('',(9.3,-30.));
#281 = CARTESIAN_POINT('',(13.9,-30.));
#282 = ( GEOMETRIC_REPRESENTATION_CONTEXT(2) 
PARAMETRIC_REPRESENTATION_CONTEXT() REPRESENTATION_CONTEXT('2D SPACE',''
  ) );
#283 = PCURVE('',#284,#289);
#284 = PLANE('',#285);
#285 = AXIS2_PLACEMENT_3D('',#286,#287,#288);
#286 = CARTESIAN_POINT('',(-46.75,1.,9.3));
#287 = DIRECTION('',(-0.,1.,0.));
#288 = DIRECTION('',(0.,0.,1.));
#289 = DEFINITIONAL_REPRESENTATION('',(#290),#293);
#290 = B_SPLINE_CURVE_WITH_KNOTS('',1,(#291,#292),.UNSPECIFIED.,.F.,.F.,
  (2,2),(4.65,9.25),.PIECEWISE_BEZIER_KNOTS.);
#291 = CARTESIAN_POINT('',(0.,3.75));
#292 = CARTESIAN_POINT('',(4.6,3.75));
#293 = ( GEOMETRIC_REPRESENTATION_CONTEXT(2) 
PARAMETRIC_REPRESENTATION_CONTEXT() REPRESENTATION_CONTEXT('2D SPACE',''
  ) );
#294 = ORIENTED_EDGE('',*,*,#295,.F.);
#295 = EDGE_CURVE('',#296,#270,#298,.T.);
#296 = VERTEX_POINT('',#297);
#297 = CARTESIAN_POINT('',(-43.,11.,13.9));
#298 = SURFACE_CURVE('',#299,(#303,#309),.PCURVE_S1.);
#299 = LINE('',#300,#301);
#300 = CARTESIAN_POINT('',(-43.,-14.,13.9));
#301 = VECTOR('',#302,1.);
#302 = DIRECTION('',(0.,-1.,0.));
#303 = PCURVE('',#32,#304);
#304 = DEFINITIONAL_REPRESENTATION('',(#305),#308);
#305 = B_SPLINE_CURVE_WITH_KNOTS('',1,(#306,#307),.UNSPECIFIED.,.F.,.F.,
  (2,2),(-25.,-15.),.PIECEWISE_BEZIER_KNOTS.);
#306 = CARTESIAN_POINT('',(13.9,-40.));
#307 = CARTESIAN_POINT('',(13.9,-30.));
#308 = ( GEOMETRIC_REPRESENTATION_CONTEXT(2) 
PARAMETRIC_REPRESENTATION_CONTEXT() REPRESENTATION_CONTEXT('2D SPACE',''
  ) );
#309 = PCURVE('',#310,#315);
#310 = PLANE('',#311);
#311 = AXIS2_PLACEMENT_3D('',#312,#313,#314);
#312 = CARTESIAN_POINT('',(-46.75,1.,13.9));
#313 = DIRECTION('',(0.,0.,1.));
#314 = DIRECTION('',(1.,0.,-0.));
#315 = DEFINITIONAL_REPRESENTATION('',(#316),#319);
#316 = B_SPLINE_CURVE_WITH_KNOTS('',1,(#317,#318),.UNSPECIFIED.,.F.,.F.,
  (2,2),(-25.,-15.),.PIECEWISE_BEZIER_KNOTS.);
#317 = CARTESIAN_POINT('',(3.75,10.));
#318 = CARTESIAN_POINT('',(3.75,0.));
#319 = ( GEOMETRIC_REPRESENTATION_CONTEXT(2) 
PARAMETRIC_REPRESENTATION_CONTEXT() REPRESENTATION_CONTEXT('2D SPACE',''
  ) );
#320 = ORIENTED_EDGE('',*,*,#321,.F.);
#321 = EDGE_CURVE('',#242,#296,#322,.T.);
#322 = SURFACE_CURVE('',#323,(#327,#333),.PCURVE_S1.);
#323 = LINE('',#324,#325);
#324 = CARTESIAN_POINT('',(-43.,11.,4.65));
#325 = VECTOR('',#326,1.);
#326 = DIRECTION('',(0.,0.,1.));
#327 = PCURVE('',#32,#328);
#328 = DEFINITIONAL_REPRESENTATION('',(#329),#332);
#329 = B_SPLINE_CURVE_WITH_KNOTS('',1,(#330,#331),.UNSPECIFIED.,.F.,.F.,
  (2,2),(4.65,9.25),.PIECEWISE_BEZIER_KNOTS.);
#330 = CARTESIAN_POINT('',(9.3,-40.));
#331 = CARTESIAN_POINT('',(13.9,-40.));
#332 = ( GEOMETRIC_REPRESENTATION_CONTEXT(2) 
PARAMETRIC_REPRESENTATION_CONTEXT() REPRESENTATION_CONTEXT('2D SPACE',''
  ) );
#333 = PCURVE('',#334,#339);
#334 = PLANE('',#335);
#335 = AXIS2_PLACEMENT_3D('',#336,#337,#338);
#336 = CARTESIAN_POINT('',(-46.75,11.,9.3));
#337 = DIRECTION('',(-0.,1.,0.));
#338 = DIRECTION('',(0.,0.,1.));
#339 = DEFINITIONAL_REPRESENTATION('',(#340),#343);
#340 = B_SPLINE_CURVE_WITH_KNOTS('',1,(#341,#342),.UNSPECIFIED.,.F.,.F.,
  (2,2),(4.65,9.25),.PIECEWISE_BEZIER_KNOTS.);
#341 = CARTESIAN_POINT('',(0.,3.75));
#342 = CARTESIAN_POINT('',(4.6,3.75));
#343 = ( GEOMETRIC_REPRESENTATION_CONTEXT(2) 
PARAMETRIC_REPRESENTATION_CONTEXT() REPRESENTATION_CONTEXT('2D SPACE',''
  ) );
#344 = FACE_BOUND('',#345,.F.);
#345 = EDGE_LOOP('',(#346));
#346 = ORIENTED_EDGE('',*,*,#347,.F.);
#347 = EDGE_CURVE('',#348,#348,#350,.T.);
#348 = VERTEX_POINT('',#349);
#349 = CARTESIAN_POINT('',(-43.,-8.,9.75));
#350 = SURFACE_CURVE('',#351,(#356,#363),.PCURVE_S1.);
#351 = CIRCLE('',#352,2.);
#352 = AXIS2_PLACEMENT_3D('',#353,#354,#355);
#353 = CARTESIAN_POINT('',(-43.,-8.,11.75));
#354 = DIRECTION('',(1.,0.,2.22044604925E-16));
#355 = DIRECTION('',(2.22044604925E-16,0.,-1.));
#356 = PCURVE('',#32,#357);
#357 = DEFINITIONAL_REPRESENTATION('',(#358),#362);
#358 = CIRCLE('',#359,2.);
#359 = AXIS2_PLACEMENT_2D('',#360,#361);
#360 = CARTESIAN_POINT('',(11.75,-21.));
#361 = DIRECTION('',(-1.,0.));
#362 = ( GEOMETRIC_REPRESENTATION_CONTEXT(2) 
PARAMETRIC_REPRESENTATION_CONTEXT() REPRESENTATION_CONTEXT('2D SPACE',''
  ) );
#363 = PCURVE('',#364,#369);
#364 = CYLINDRICAL_SURFACE('',#365,2.);
#365 = AXIS2_PLACEMENT_3D('',#366,#367,#368);
#366 = CARTESIAN_POINT('',(-46.75,-8.,11.75));
#367 = DIRECTION('',(1.,0.,2.22044604925E-16));
#368 = DIRECTION('',(2.22044604925E-16,0.,-1.));
#369 = DEFINITIONAL_REPRESENTATION('',(#370),#374);
#370 = LINE('',#371,#372);
#371 = CARTESIAN_POINT('',(0.,3.75));
#372 = VECTOR('',#373,1.);
#373 = DIRECTION('',(1.,0.));
#374 = ( GEOMETRIC_REPRESENTATION_CONTEXT(2) 
PARAMETRIC_REPRESENTATION_CONTEXT() REPRESENTATION_CONTEXT('2D SPACE',''
  ) );
#375 = ADVANCED_FACE('',(#376,#575),#44,.T.);
#376 = FACE_BOUND('',#377,.T.);
#377 = EDGE_LOOP('',(#378,#379,#403,#431,#464,#492,#521,#549));
#378 = ORIENTED_EDGE('',*,*,#21,.F.);
#379 = ORIENTED_EDGE('',*,*,#380,.T.);
#380 = EDGE_CURVE('',#22,#381,#383,.T.);
#381 = VERTEX_POINT('',#382);
#382 = CARTESIAN_POINT('',(-37.,-29.,15.));
#383 = SURFACE_CURVE('',#384,(#389,#396),.PCURVE_S1.);
#384 = CIRCLE('',#385,6.);
#385 = AXIS2_PLACEMENT_3D('',#386,#387,#388);
#386 = CARTESIAN_POINT('',(-37.,-23.,15.));
#387 = DIRECTION('',(0.,0.,1.));
#388 = DIRECTION('',(0.,-1.,0.));
#389 = PCURVE('',#44,#390);
#390 = DEFINITIONAL_REPRESENTATION('',(#391),#395);
#391 = CIRCLE('',#392,6.);
#392 = AXIS2_PLACEMENT_2D('',#393,#394);
#393 = CARTESIAN_POINT('',(6.,6.));
#394 = DIRECTION('',(0.,-1.));
#395 = ( GEOMETRIC_REPRESENTATION_CONTEXT(2) 
PARAMETRIC_REPRESENTATION_CONTEXT() REPRESENTATION_CONTEXT('2D SPACE',''
  ) );
#396 = PCURVE('',#72,#397);
#397 = DEFINITIONAL_REPRESENTATION('',(#398),#402);
#398 = LINE('',#399,#400);
#399 = CARTESIAN_POINT('',(-4.712388980385,15.));
#400 = VECTOR('',#401,1.);
#401 = DIRECTION('',(1.,0.));
#402 = ( GEOMETRIC_REPRESENTATION_CONTEXT(2) 
PARAMETRIC_REPRESENTATION_CONTEXT() REPRESENTATION_CONTEXT('2D SPACE',''
  ) );
#403 = ORIENTED_EDGE('',*,*,#404,.T.);
#404 = EDGE_CURVE('',#381,#405,#407,.T.);
#405 = VERTEX_POINT('',#406);
#406 = CARTESIAN_POINT('',(37.,-29.,15.));
#407 = SURFACE_CURVE('',#408,(#412,#419),.PCURVE_S1.);
#408 = LINE('',#409,#410);
#409 = CARTESIAN_POINT('',(-43.,-29.,15.));
#410 = VECTOR('',#411,1.);
#411 = DIRECTION('',(1.,0.,-0.));
#412 = PCURVE('',#44,#413);
#413 = DEFINITIONAL_REPRESENTATION('',(#414),#418);
#414 = LINE('',#415,#416);
#415 = CARTESIAN_POINT('',(0.,0.));
#416 = VECTOR('',#417,1.);
#417 = DIRECTION('',(1.,0.));
#418 = ( GEOMETRIC_REPRESENTATION_CONTEXT(2) 
PARAMETRIC_REPRESENTATION_CONTEXT() REPRESENTATION_CONTEXT('2D SPACE',''
  ) );
#419 = PCURVE('',#420,#425);
#420 = PLANE('',#421);
#421 = AXIS2_PLACEMENT_3D('',#422,#423,#424);
#422 = CARTESIAN_POINT('',(-43.,-29.,0.));
#423 = DIRECTION('',(-0.,1.,0.));
#424 = DIRECTION('',(0.,0.,1.));
#425 = DEFINITIONAL_REPRESENTATION('',(#426),#430);
#426 = LINE('',#427,#428);
#427 = CARTESIAN_POINT('',(15.,0.));
#428 = VECTOR('',#429,1.);
#429 = DIRECTION('',(0.,1.));
#430 = ( GEOMETRIC_REPRESENTATION_CONTEXT(2) 
PARAMETRIC_REPRESENTATION_CONTEXT() REPRESENTATION_CONTEXT('2D SPACE',''
  ) );
#431 = ORIENTED_EDGE('',*,*,#432,.F.);
#432 = EDGE_CURVE('',#433,#405,#435,.T.);
#433 = VERTEX_POINT('',#434);
#434 = CARTESIAN_POINT('',(43.,-23.,15.));
#435 = SURFACE_CURVE('',#436,(#441,#452),.PCURVE_S1.);
#436 = CIRCLE('',#437,6.);
#437 = AXIS2_PLACEMENT_3D('',#438,#439,#440);
#438 = CARTESIAN_POINT('',(37.,-23.,15.));
#439 = DIRECTION('',(-0.,-0.,-1.));
#440 = DIRECTION('',(0.,-1.,0.));
#441 = PCURVE('',#44,#442);
#442 = DEFINITIONAL_REPRESENTATION('',(#443),#451);
#443 = ( BOUNDED_CURVE() B_SPLINE_CURVE(2,(#444,#445,#446,#447,#448,#449
,#450),.UNSPECIFIED.,.T.,.F.) B_SPLINE_CURVE_WITH_KNOTS((1,2,2,2,2,1),(
    -2.094395102393,0.,2.094395102393,4.188790204786,6.28318530718,
8.377580409573),.UNSPECIFIED.) CURVE() GEOMETRIC_REPRESENTATION_ITEM() 
RATIONAL_B_SPLINE_CURVE((1.,0.5,1.,0.5,1.,0.5,1.)) REPRESENTATION_ITEM(
  '') );
#444 = CARTESIAN_POINT('',(80.,0.));
#445 = CARTESIAN_POINT('',(69.607695154587,0.));
#446 = CARTESIAN_POINT('',(74.803847577293,9.));
#447 = CARTESIAN_POINT('',(80.,18.));
#448 = CARTESIAN_POINT('',(85.196152422707,9.));
#449 = CARTESIAN_POINT('',(90.392304845413,8.881784197001E-15));
#450 = CARTESIAN_POINT('',(80.,0.));
#451 = ( GEOMETRIC_REPRESENTATION_CONTEXT(2) 
PARAMETRIC_REPRESENTATION_CONTEXT() REPRESENTATION_CONTEXT('2D SPACE',''
  ) );
#452 = PCURVE('',#453,#458);
#453 = CYLINDRICAL_SURFACE('',#454,6.);
#454 = AXIS2_PLACEMENT_3D('',#455,#456,#457);
#455 = CARTESIAN_POINT('',(37.,-23.,0.));
#456 = DIRECTION('',(0.,0.,1.));
#457 = DIRECTION('',(1.,0.,-0.));
#458 = DEFINITIONAL_REPRESENTATION('',(#459),#463);
#459 = LINE('',#460,#461);
#460 = CARTESIAN_POINT('',(4.712388980385,15.));
#461 = VECTOR('',#462,1.);
#462 = DIRECTION('',(-1.,0.));
#463 = ( GEOMETRIC_REPRESENTATION_CONTEXT(2) 
PARAMETRIC_REPRESENTATION_CONTEXT() REPRESENTATION_CONTEXT('2D SPACE',''
  ) );
#464 = ORIENTED_EDGE('',*,*,#465,.T.);
#465 = EDGE_CURVE('',#433,#466,#468,.T.);
#466 = VERTEX_POINT('',#467);
#467 = CARTESIAN_POINT('',(43.,23.,15.));
#468 = SURFACE_CURVE('',#469,(#473,#480),.PCURVE_S1.);
#469 = LINE('',#470,#471);
#470 = CARTESIAN_POINT('',(43.,-29.,15.));
#471 = VECTOR('',#472,1.);
#472 = DIRECTION('',(-0.,1.,0.));
#473 = PCURVE('',#44,#474);
#474 = DEFINITIONAL_REPRESENTATION('',(#475),#479);
#475 = LINE('',#476,#477);
#476 = CARTESIAN_POINT('',(86.,0.));
#477 = VECTOR('',#478,1.);
#478 = DIRECTION('',(0.,1.));
#479 = ( GEOMETRIC_REPRESENTATION_CONTEXT(2) 
PARAMETRIC_REPRESENTATION_CONTEXT() REPRESENTATION_CONTEXT('2D SPACE',''
  ) );
#480 = PCURVE('',#481,#486);
#481 = PLANE('',#482);
#482 = AXIS2_PLACEMENT_3D('',#483,#484,#485);
#483 = CARTESIAN_POINT('',(43.,-29.,0.));
#484 = DIRECTION('',(1.,0.,-0.));
#485 = DIRECTION('',(0.,0.,1.));
#486 = DEFINITIONAL_REPRESENTATION('',(#487),#491);
#487 = LINE('',#488,#489);
#488 = CARTESIAN_POINT('',(15.,0.));
#489 = VECTOR('',#490,1.);
#490 = DIRECTION('',(0.,-1.));
#491 = ( GEOMETRIC_REPRESENTATION_CONTEXT(2) 
PARAMETRIC_REPRESENTATION_CONTEXT() REPRESENTATION_CONTEXT('2D SPACE',''
  ) );
#492 = ORIENTED_EDGE('',*,*,#493,.T.);
#493 = EDGE_CURVE('',#466,#494,#496,.T.);
#494 = VERTEX_POINT('',#495);
#495 = CARTESIAN_POINT('',(37.,29.,15.));
#496 = SURFACE_CURVE('',#497,(#502,#509),.PCURVE_S1.);
#497 = CIRCLE('',#498,6.);
#498 = AXIS2_PLACEMENT_3D('',#499,#500,#501);
#499 = CARTESIAN_POINT('',(37.,23.,15.));
#500 = DIRECTION('',(0.,0.,1.));
#501 = DIRECTION('',(0.,-1.,0.));
#502 = PCURVE('',#44,#503);
#503 = DEFINITIONAL_REPRESENTATION('',(#504),#508);
#504 = CIRCLE('',#505,6.);
#505 = AXIS2_PLACEMENT_2D('',#506,#507);
#506 = CARTESIAN_POINT('',(80.,52.));
#507 = DIRECTION('',(0.,-1.));
#508 = ( GEOMETRIC_REPRESENTATION_CONTEXT(2) 
PARAMETRIC_REPRESENTATION_CONTEXT() REPRESENTATION_CONTEXT('2D SPACE',''
  ) );
#509 = PCURVE('',#510,#515);
#510 = CYLINDRICAL_SURFACE('',#511,6.);
#511 = AXIS2_PLACEMENT_3D('',#512,#513,#514);
#512 = CARTESIAN_POINT('',(37.,23.,0.));
#513 = DIRECTION('',(0.,0.,1.));
#514 = DIRECTION('',(1.,0.,-0.));
#515 = DEFINITIONAL_REPRESENTATION('',(#516),#520);
#516 = LINE('',#517,#518);
#517 = CARTESIAN_POINT('',(-1.570796326795,15.));
#518 = VECTOR('',#519,1.);
#519 = DIRECTION('',(1.,0.));
#520 = ( GEOMETRIC_REPRESENTATION_CONTEXT(2) 
PARAMETRIC_REPRESENTATION_CONTEXT() REPRESENTATION_CONTEXT('2D SPACE',''
  ) );
#521 = ORIENTED_EDGE('',*,*,#522,.F.);
#522 = EDGE_CURVE('',#523,#494,#525,.T.);
#523 = VERTEX_POINT('',#524);
#524 = CARTESIAN_POINT('',(-37.,29.,15.));
#525 = SURFACE_CURVE('',#526,(#530,#537),.PCURVE_S1.);
#526 = LINE('',#527,#528);
#527 = CARTESIAN_POINT('',(-43.,29.,15.));
#528 = VECTOR('',#529,1.);
#529 = DIRECTION('',(1.,0.,-0.));
#530 = PCURVE('',#44,#531);
#531 = DEFINITIONAL_REPRESENTATION('',(#532),#536);
#532 = LINE('',#533,#534);
#533 = CARTESIAN_POINT('',(0.,58.));
#534 = VECTOR('',#535,1.);
#535 = DIRECTION('',(1.,0.));
#536 = ( GEOMETRIC_REPRESENTATION_CONTEXT(2) 
PARAMETRIC_REPRESENTATION_CONTEXT() REPRESENTATION_CONTEXT('2D SPACE',''
  ) );
#537 = PCURVE('',#538,#543);
#538 = PLANE('',#539);
#539 = AXIS2_PLACEMENT_3D('',#540,#541,#542);
#540 = CARTESIAN_POINT('',(-43.,29.,0.));
#541 = DIRECTION('',(-0.,1.,0.));
#542 = DIRECTION('',(0.,0.,1.));
#543 = DEFINITIONAL_REPRESENTATION('',(#544),#548);
#544 = LINE('',#545,#546);
#545 = CARTESIAN_POINT('',(15.,0.));
#546 = VECTOR('',#547,1.);
#547 = DIRECTION('',(0.,1.));
#548 = ( GEOMETRIC_REPRESENTATION_CONTEXT(2) 
PARAMETRIC_REPRESENTATION_CONTEXT() REPRESENTATION_CONTEXT('2D SPACE',''
  ) );
#549 = ORIENTED_EDGE('',*,*,#550,.F.);
#550 = EDGE_CURVE('',#24,#523,#551,.T.);
#551 = SURFACE_CURVE('',#552,(#557,#568),.PCURVE_S1.);
#552 = CIRCLE('',#553,6.);
#553 = AXIS2_PLACEMENT_3D('',#554,#555,#556);
#554 = CARTESIAN_POINT('',(-37.,23.,15.));
#555 = DIRECTION('',(-0.,-0.,-1.));
#556 = DIRECTION('',(0.,-1.,0.));
#557 = PCURVE('',#44,#558);
#558 = DEFINITIONAL_REPRESENTATION('',(#559),#567);
#559 = ( BOUNDED_CURVE() B_SPLINE_CURVE(2,(#560,#561,#562,#563,#564,#565
,#566),.UNSPECIFIED.,.T.,.F.) B_SPLINE_CURVE_WITH_KNOTS((1,2,2,2,2,1),(
    -2.094395102393,0.,2.094395102393,4.188790204786,6.28318530718,
8.377580409573),.UNSPECIFIED.) CURVE() GEOMETRIC_REPRESENTATION_ITEM() 
RATIONAL_B_SPLINE_CURVE((1.,0.5,1.,0.5,1.,0.5,1.)) REPRESENTATION_ITEM(
  '') );
#560 = CARTESIAN_POINT('',(6.,46.));
#561 = CARTESIAN_POINT('',(-4.392304845413,46.));
#562 = CARTESIAN_POINT('',(0.803847577293,55.));
#563 = CARTESIAN_POINT('',(6.,64.));
#564 = CARTESIAN_POINT('',(11.196152422707,55.));
#565 = CARTESIAN_POINT('',(16.392304845413,46.));
#566 = CARTESIAN_POINT('',(6.,46.));
#567 = ( GEOMETRIC_REPRESENTATION_CONTEXT(2) 
PARAMETRIC_REPRESENTATION_CONTEXT() REPRESENTATION_CONTEXT('2D SPACE',''
  ) );
#568 = PCURVE('',#227,#569);
#569 = DEFINITIONAL_REPRESENTATION('',(#570),#574);
#570 = LINE('',#571,#572);
#571 = CARTESIAN_POINT('',(1.570796326795,15.));
#572 = VECTOR('',#573,1.);
#573 = DIRECTION('',(-1.,0.));
#574 = ( GEOMETRIC_REPRESENTATION_CONTEXT(2) 
PARAMETRIC_REPRESENTATION_CONTEXT() REPRESENTATION_CONTEXT('2D SPACE',''
  ) );
#575 = FACE_BOUND('',#576,.T.);
#576 = EDGE_LOOP('',(#577,#608,#634,#663,#689,#715,#741,#770,#796,#825,
    #851,#877));
#577 = ORIENTED_EDGE('',*,*,#578,.F.);
#578 = EDGE_CURVE('',#579,#581,#583,.T.);
#579 = VERTEX_POINT('',#580);
#580 = CARTESIAN_POINT('',(-40.5,-23.,15.));
#581 = VERTEX_POINT('',#582);
#582 = CARTESIAN_POINT('',(-37.,-26.5,15.));
#583 = SURFACE_CURVE('',#584,(#589,#596),.PCURVE_S1.);
#584 = CIRCLE('',#585,3.5);
#585 = AXIS2_PLACEMENT_3D('',#586,#587,#588);
#586 = CARTESIAN_POINT('',(-37.,-23.,15.));
#587 = DIRECTION('',(0.,0.,1.));
#588 = DIRECTION('',(-1.,-0.,0.));
#589 = PCURVE('',#44,#590);
#590 = DEFINITIONAL_REPRESENTATION('',(#591),#595);
#591 = CIRCLE('',#592,3.5);
#592 = AXIS2_PLACEMENT_2D('',#593,#594);
#593 = CARTESIAN_POINT('',(6.,6.));
#594 = DIRECTION('',(-1.,0.));
#595 = ( GEOMETRIC_REPRESENTATION_CONTEXT(2) 
PARAMETRIC_REPRESENTATION_CONTEXT() REPRESENTATION_CONTEXT('2D SPACE',''
  ) );
#596 = PCURVE('',#597,#602);
#597 = CYLINDRICAL_SURFACE('',#598,3.5);
#598 = AXIS2_PLACEMENT_3D('',#599,#600,#601);
#599 = CARTESIAN_POINT('',(-37.,-23.,2.));
#600 = DIRECTION('',(0.,0.,1.));
#601 = DIRECTION('',(-1.,-0.,0.));
#602 = DEFINITIONAL_REPRESENTATION('',(#603),#607);
#603 = LINE('',#604,#605);
#604 = CARTESIAN_POINT('',(0.,13.));
#605 = VECTOR('',#606,1.);
#606 = DIRECTION('',(1.,0.));
#607 = ( GEOMETRIC_REPRESENTATION_CONTEXT(2) 
PARAMETRIC_REPRESENTATION_CONTEXT() REPRESENTATION_CONTEXT('2D SPACE',''
  ) );
#608 = ORIENTED_EDGE('',*,*,#609,.T.);
#609 = EDGE_CURVE('',#579,#610,#612,.T.);
#610 = VERTEX_POINT('',#611);
#611 = CARTESIAN_POINT('',(-40.5,23.,15.));
#612 = SURFACE_CURVE('',#613,(#617,#623),.PCURVE_S1.);
#613 = LINE('',#614,#615);
#614 = CARTESIAN_POINT('',(-40.5,-27.75,15.));
#615 = VECTOR('',#616,1.);
#616 = DIRECTION('',(-0.,1.,0.));
#617 = PCURVE('',#44,#618);
#618 = DEFINITIONAL_REPRESENTATION('',(#619),#622);
#619 = B_SPLINE_CURVE_WITH_KNOTS('',1,(#620,#621),.UNSPECIFIED.,.F.,.F.,
  (2,2),(4.75,50.75),.PIECEWISE_BEZIER_KNOTS.);
#620 = CARTESIAN_POINT('',(2.5,6.));
#621 = CARTESIAN_POINT('',(2.5,52.));
#622 = ( GEOMETRIC_REPRESENTATION_CONTEXT(2) 
PARAMETRIC_REPRESENTATION_CONTEXT() REPRESENTATION_CONTEXT('2D SPACE',''
  ) );
#623 = PCURVE('',#624,#629);
#624 = PLANE('',#625);
#625 = AXIS2_PLACEMENT_3D('',#626,#627,#628);
#626 = CARTESIAN_POINT('',(-40.5,-26.5,2.));
#627 = DIRECTION('',(1.,0.,-0.));
#628 = DIRECTION('',(0.,0.,1.));
#629 = DEFINITIONAL_REPRESENTATION('',(#630),#633);
#630 = B_SPLINE_CURVE_WITH_KNOTS('',1,(#631,#632),.UNSPECIFIED.,.F.,.F.,
  (2,2),(4.75,50.75),.PIECEWISE_BEZIER_KNOTS.);
#631 = CARTESIAN_POINT('',(13.,-3.5));
#632 = CARTESIAN_POINT('',(13.,-49.5));
#633 = ( GEOMETRIC_REPRESENTATION_CONTEXT(2) 
PARAMETRIC_REPRESENTATION_CONTEXT() REPRESENTATION_CONTEXT('2D SPACE',''
  ) );
#634 = ORIENTED_EDGE('',*,*,#635,.F.);
#635 = EDGE_CURVE('',#636,#610,#638,.T.);
#636 = VERTEX_POINT('',#637);
#637 = CARTESIAN_POINT('',(-37.,26.5,15.));
#638 = SURFACE_CURVE('',#639,(#644,#651),.PCURVE_S1.);
#639 = CIRCLE('',#640,3.5);
#640 = AXIS2_PLACEMENT_3D('',#641,#642,#643);
#641 = CARTESIAN_POINT('',(-37.,23.,15.));
#642 = DIRECTION('',(0.,0.,1.));
#643 = DIRECTION('',(-1.,-0.,0.));
#644 = PCURVE('',#44,#645);
#645 = DEFINITIONAL_REPRESENTATION('',(#646),#650);
#646 = CIRCLE('',#647,3.5);
#647 = AXIS2_PLACEMENT_2D('',#648,#649);
#648 = CARTESIAN_POINT('',(6.,52.));
#649 = DIRECTION('',(-1.,0.));
#650 = ( GEOMETRIC_REPRESENTATION_CONTEXT(2) 
PARAMETRIC_REPRESENTATION_CONTEXT() REPRESENTATION_CONTEXT('2D SPACE',''
  ) );
#651 = PCURVE('',#652,#657);
#652 = CYLINDRICAL_SURFACE('',#653,3.5);
#653 = AXIS2_PLACEMENT_3D('',#654,#655,#656);
#654 = CARTESIAN_POINT('',(-37.,23.,2.));
#655 = DIRECTION('',(0.,0.,1.));
#656 = DIRECTION('',(-1.,-0.,0.));
#657 = DEFINITIONAL_REPRESENTATION('',(#658),#662);
#658 = LINE('',#659,#660);
#659 = CARTESIAN_POINT('',(-6.28318530718,13.));
#660 = VECTOR('',#661,1.);
#661 = DIRECTION('',(1.,-0.));
#662 = ( GEOMETRIC_REPRESENTATION_CONTEXT(2) 
PARAMETRIC_REPRESENTATION_CONTEXT() REPRESENTATION_CONTEXT('2D SPACE',''
  ) );
#663 = ORIENTED_EDGE('',*,*,#664,.F.);
#664 = EDGE_CURVE('',#665,#636,#667,.T.);
#665 = VERTEX_POINT('',#666);
#666 = CARTESIAN_POINT('',(-36.5,26.5,15.));
#667 = SURFACE_CURVE('',#668,(#672,#678),.PCURVE_S1.);
#668 = LINE('',#669,#670);
#669 = CARTESIAN_POINT('',(-41.75,26.5,15.));
#670 = VECTOR('',#671,1.);
#671 = DIRECTION('',(-1.,-0.,0.));
#672 = PCURVE('',#44,#673);
#673 = DEFINITIONAL_REPRESENTATION('',(#674),#677);
#674 = B_SPLINE_CURVE_WITH_KNOTS('',1,(#675,#676),.UNSPECIFIED.,.F.,.F.,
  (2,2),(-78.75,-4.75),.PIECEWISE_BEZIER_KNOTS.);
#675 = CARTESIAN_POINT('',(80.,55.5));
#676 = CARTESIAN_POINT('',(6.,55.5));
#677 = ( GEOMETRIC_REPRESENTATION_CONTEXT(2) 
PARAMETRIC_REPRESENTATION_CONTEXT() REPRESENTATION_CONTEXT('2D SPACE',''
  ) );
#678 = PCURVE('',#679,#684);
#679 = PLANE('',#680);
#680 = AXIS2_PLACEMENT_3D('',#681,#682,#683);
#681 = CARTESIAN_POINT('',(-40.5,26.5,2.));
#682 = DIRECTION('',(-0.,1.,0.));
#683 = DIRECTION('',(0.,0.,1.));
#684 = DEFINITIONAL_REPRESENTATION('',(#685),#688);
#685 = B_SPLINE_CURVE_WITH_KNOTS('',1,(#686,#687),.UNSPECIFIED.,.F.,.F.,
  (2,2),(-78.75,-4.75),.PIECEWISE_BEZIER_KNOTS.);
#686 = CARTESIAN_POINT('',(13.,77.5));
#687 = CARTESIAN_POINT('',(13.,3.5));
#688 = ( GEOMETRIC_REPRESENTATION_CONTEXT(2) 
PARAMETRIC_REPRESENTATION_CONTEXT() REPRESENTATION_CONTEXT('2D SPACE',''
  ) );
#689 = ORIENTED_EDGE('',*,*,#690,.F.);
#690 = EDGE_CURVE('',#691,#665,#693,.T.);
#691 = VERTEX_POINT('',#692);
#692 = CARTESIAN_POINT('',(36.499999999999,26.5,15.));
#693 = SURFACE_CURVE('',#694,(#698,#704),.PCURVE_S1.);
#694 = LINE('',#695,#696);
#695 = CARTESIAN_POINT('',(-41.75,26.5,15.));
#696 = VECTOR('',#697,1.);
#697 = DIRECTION('',(-1.,-0.,0.));
#698 = PCURVE('',#44,#699);
#699 = DEFINITIONAL_REPRESENTATION('',(#700),#703);
#700 = B_SPLINE_CURVE_WITH_KNOTS('',1,(#701,#702),.UNSPECIFIED.,.F.,.F.,
  (2,2),(-78.75,-4.75),.PIECEWISE_BEZIER_KNOTS.);
#701 = CARTESIAN_POINT('',(80.,55.5));
#702 = CARTESIAN_POINT('',(6.,55.5));
#703 = ( GEOMETRIC_REPRESENTATION_CONTEXT(2) 
PARAMETRIC_REPRESENTATION_CONTEXT() REPRESENTATION_CONTEXT('2D SPACE',''
  ) );
#704 = PCURVE('',#705,#710);
#705 = PLANE('',#706);
#706 = AXIS2_PLACEMENT_3D('',#707,#708,#709);
#707 = CARTESIAN_POINT('',(-40.5,26.5,2.));
#708 = DIRECTION('',(-0.,1.,0.));
#709 = DIRECTION('',(0.,0.,1.));
#710 = DEFINITIONAL_REPRESENTATION('',(#711),#714);
#711 = B_SPLINE_CURVE_WITH_KNOTS('',1,(#712,#713),.UNSPECIFIED.,.F.,.F.,
  (2,2),(-78.75,-4.75),.PIECEWISE_BEZIER_KNOTS.);
#712 = CARTESIAN_POINT('',(13.,77.5));
#713 = CARTESIAN_POINT('',(13.,3.5));
#714 = ( GEOMETRIC_REPRESENTATION_CONTEXT(2) 
PARAMETRIC_REPRESENTATION_CONTEXT() REPRESENTATION_CONTEXT('2D SPACE',''
  ) );
#715 = ORIENTED_EDGE('',*,*,#716,.F.);
#716 = EDGE_CURVE('',#717,#691,#719,.T.);
#717 = VERTEX_POINT('',#718);
#718 = CARTESIAN_POINT('',(37.,26.5,15.));
#719 = SURFACE_CURVE('',#720,(#724,#730),.PCURVE_S1.);
#720 = LINE('',#721,#722);
#721 = CARTESIAN_POINT('',(-41.75,26.5,15.));
#722 = VECTOR('',#723,1.);
#723 = DIRECTION('',(-1.,-0.,0.));
#724 = PCURVE('',#44,#725);
#725 = DEFINITIONAL_REPRESENTATION('',(#726),#729);
#726 = B_SPLINE_CURVE_WITH_KNOTS('',1,(#727,#728),.UNSPECIFIED.,.F.,.F.,
  (2,2),(-78.75,-4.75),.PIECEWISE_BEZIER_KNOTS.);
#727 = CARTESIAN_POINT('',(80.,55.5));
#728 = CARTESIAN_POINT('',(6.,55.5));
#729 = ( GEOMETRIC_REPRESENTATION_CONTEXT(2) 
PARAMETRIC_REPRESENTATION_CONTEXT() REPRESENTATION_CONTEXT('2D SPACE',''
  ) );
#730 = PCURVE('',#731,#736);
#731 = PLANE('',#732);
#732 = AXIS2_PLACEMENT_3D('',#733,#734,#735);
#733 = CARTESIAN_POINT('',(-40.5,26.5,2.));
#734 = DIRECTION('',(-0.,1.,0.));
#735 = DIRECTION('',(0.,0.,1.));
#736 = DEFINITIONAL_REPRESENTATION('',(#737),#740);
#737 = B_SPLINE_CURVE_WITH_KNOTS('',1,(#738,#739),.UNSPECIFIED.,.F.,.F.,
  (2,2),(-78.75,-4.75),.PIECEWISE_BEZIER_KNOTS.);
#738 = CARTESIAN_POINT('',(13.,77.5));
#739 = CARTESIAN_POINT('',(13.,3.5));
#740 = ( GEOMETRIC_REPRESENTATION_CONTEXT(2) 
PARAMETRIC_REPRESENTATION_CONTEXT() REPRESENTATION_CONTEXT('2D SPACE',''
  ) );
#741 = ORIENTED_EDGE('',*,*,#742,.F.);
#742 = EDGE_CURVE('',#743,#717,#745,.T.);
#743 = VERTEX_POINT('',#744);
#744 = CARTESIAN_POINT('',(40.5,23.,15.));
#745 = SURFACE_CURVE('',#746,(#751,#758),.PCURVE_S1.);
#746 = CIRCLE('',#747,3.5);
#747 = AXIS2_PLACEMENT_3D('',#748,#749,#750);
#748 = CARTESIAN_POINT('',(37.,23.,15.));
#749 = DIRECTION('',(0.,0.,1.));
#750 = DIRECTION('',(1.,0.,-0.));
#751 = PCURVE('',#44,#752);
#752 = DEFINITIONAL_REPRESENTATION('',(#753),#757);
#753 = CIRCLE('',#754,3.5);
#754 = AXIS2_PLACEMENT_2D('',#755,#756);
#755 = CARTESIAN_POINT('',(80.,52.));
#756 = DIRECTION('',(1.,0.));
#757 = ( GEOMETRIC_REPRESENTATION_CONTEXT(2) 
PARAMETRIC_REPRESENTATION_CONTEXT() REPRESENTATION_CONTEXT('2D SPACE',''
  ) );
#758 = PCURVE('',#759,#764);
#759 = CYLINDRICAL_SURFACE('',#760,3.5);
#760 = AXIS2_PLACEMENT_3D('',#761,#762,#763);
#761 = CARTESIAN_POINT('',(37.,23.,2.));
#762 = DIRECTION('',(0.,0.,1.));
#763 = DIRECTION('',(1.,0.,-0.));
#764 = DEFINITIONAL_REPRESENTATION('',(#765),#769);
#765 = LINE('',#766,#767);
#766 = CARTESIAN_POINT('',(0.,13.));
#767 = VECTOR('',#768,1.);
#768 = DIRECTION('',(1.,0.));
#769 = ( GEOMETRIC_REPRESENTATION_CONTEXT(2) 
PARAMETRIC_REPRESENTATION_CONTEXT() REPRESENTATION_CONTEXT('2D SPACE',''
  ) );
#770 = ORIENTED_EDGE('',*,*,#771,.F.);
#771 = EDGE_CURVE('',#772,#743,#774,.T.);
#772 = VERTEX_POINT('',#773);
#773 = CARTESIAN_POINT('',(40.5,-23.,15.));
#774 = SURFACE_CURVE('',#775,(#779,#785),.PCURVE_S1.);
#775 = LINE('',#776,#777);
#776 = CARTESIAN_POINT('',(40.5,-27.75,15.));
#777 = VECTOR('',#778,1.);
#778 = DIRECTION('',(-0.,1.,0.));
#779 = PCURVE('',#44,#780);
#780 = DEFINITIONAL_REPRESENTATION('',(#781),#784);
#781 = B_SPLINE_CURVE_WITH_KNOTS('',1,(#782,#783),.UNSPECIFIED.,.F.,.F.,
  (2,2),(4.75,50.75),.PIECEWISE_BEZIER_KNOTS.);
#782 = CARTESIAN_POINT('',(83.5,6.));
#783 = CARTESIAN_POINT('',(83.5,52.));
#784 = ( GEOMETRIC_REPRESENTATION_CONTEXT(2) 
PARAMETRIC_REPRESENTATION_CONTEXT() REPRESENTATION_CONTEXT('2D SPACE',''
  ) );
#785 = PCURVE('',#786,#791);
#786 = PLANE('',#787);
#787 = AXIS2_PLACEMENT_3D('',#788,#789,#790);
#788 = CARTESIAN_POINT('',(40.5,-26.5,2.));
#789 = DIRECTION('',(1.,0.,-0.));
#790 = DIRECTION('',(0.,0.,1.));
#791 = DEFINITIONAL_REPRESENTATION('',(#792),#795);
#792 = B_SPLINE_CURVE_WITH_KNOTS('',1,(#793,#794),.UNSPECIFIED.,.F.,.F.,
  (2,2),(4.75,50.75),.PIECEWISE_BEZIER_KNOTS.);
#793 = CARTESIAN_POINT('',(13.,-3.5));
#794 = CARTESIAN_POINT('',(13.,-49.5));
#795 = ( GEOMETRIC_REPRESENTATION_CONTEXT(2) 
PARAMETRIC_REPRESENTATION_CONTEXT() REPRESENTATION_CONTEXT('2D SPACE',''
  ) );
#796 = ORIENTED_EDGE('',*,*,#797,.F.);
#797 = EDGE_CURVE('',#798,#772,#800,.T.);
#798 = VERTEX_POINT('',#799);
#799 = CARTESIAN_POINT('',(37.,-26.5,15.));
#800 = SURFACE_CURVE('',#801,(#806,#813),.PCURVE_S1.);
#801 = CIRCLE('',#802,3.5);
#802 = AXIS2_PLACEMENT_3D('',#803,#804,#805);
#803 = CARTESIAN_POINT('',(37.,-23.,15.));
#804 = DIRECTION('',(0.,0.,1.));
#805 = DIRECTION('',(1.,0.,-0.));
#806 = PCURVE('',#44,#807);
#807 = DEFINITIONAL_REPRESENTATION('',(#808),#812);
#808 = CIRCLE('',#809,3.5);
#809 = AXIS2_PLACEMENT_2D('',#810,#811);
#810 = CARTESIAN_POINT('',(80.,6.));
#811 = DIRECTION('',(1.,0.));
#812 = ( GEOMETRIC_REPRESENTATION_CONTEXT(2) 
PARAMETRIC_REPRESENTATION_CONTEXT() REPRESENTATION_CONTEXT('2D SPACE',''
  ) );
#813 = PCURVE('',#814,#819);
#814 = CYLINDRICAL_SURFACE('',#815,3.5);
#815 = AXIS2_PLACEMENT_3D('',#816,#817,#818);
#816 = CARTESIAN_POINT('',(37.,-23.,2.));
#817 = DIRECTION('',(0.,0.,1.));
#818 = DIRECTION('',(1.,0.,-0.));
#819 = DEFINITIONAL_REPRESENTATION('',(#820),#824);
#820 = LINE('',#821,#822);
#821 = CARTESIAN_POINT('',(-6.28318530718,13.));
#822 = VECTOR('',#823,1.);
#823 = DIRECTION('',(1.,-0.));
#824 = ( GEOMETRIC_REPRESENTATION_CONTEXT(2) 
PARAMETRIC_REPRESENTATION_CONTEXT() REPRESENTATION_CONTEXT('2D SPACE',''
  ) );
#825 = ORIENTED_EDGE('',*,*,#826,.T.);
#826 = EDGE_CURVE('',#798,#827,#829,.T.);
#827 = VERTEX_POINT('',#828);
#828 = CARTESIAN_POINT('',(36.5,-26.5,15.));
#829 = SURFACE_CURVE('',#830,(#834,#840),.PCURVE_S1.);
#830 = LINE('',#831,#832);
#831 = CARTESIAN_POINT('',(-41.75,-26.5,15.));
#832 = VECTOR('',#833,1.);
#833 = DIRECTION('',(-1.,-0.,0.));
#834 = PCURVE('',#44,#835);
#835 = DEFINITIONAL_REPRESENTATION('',(#836),#839);
#836 = B_SPLINE_CURVE_WITH_KNOTS('',1,(#837,#838),.UNSPECIFIED.,.F.,.F.,
  (2,2),(-78.75,-4.75),.PIECEWISE_BEZIER_KNOTS.);
#837 = CARTESIAN_POINT('',(80.,2.5));
#838 = CARTESIAN_POINT('',(6.,2.5));
#839 = ( GEOMETRIC_REPRESENTATION_CONTEXT(2) 
PARAMETRIC_REPRESENTATION_CONTEXT() REPRESENTATION_CONTEXT('2D SPACE',''
  ) );
#840 = PCURVE('',#841,#846);
#841 = PLANE('',#842);
#842 = AXIS2_PLACEMENT_3D('',#843,#844,#845);
#843 = CARTESIAN_POINT('',(-40.5,-26.5,2.));
#844 = DIRECTION('',(-0.,1.,0.));
#845 = DIRECTION('',(0.,0.,1.));
#846 = DEFINITIONAL_REPRESENTATION('',(#847),#850);
#847 = B_SPLINE_CURVE_WITH_KNOTS('',1,(#848,#849),.UNSPECIFIED.,.F.,.F.,
  (2,2),(-78.75,-4.75),.PIECEWISE_BEZIER_KNOTS.);
#848 = CARTESIAN_POINT('',(13.,77.5));
#849 = CARTESIAN_POINT('',(13.,3.5));
#850 = ( GEOMETRIC_REPRESENTATION_CONTEXT(2) 
PARAMETRIC_REPRESENTATION_CONTEXT() REPRESENTATION_CONTEXT('2D SPACE',''
  ) );
#851 = ORIENTED_EDGE('',*,*,#852,.T.);
#852 = EDGE_CURVE('',#827,#853,#855,.T.);
#853 = VERTEX_POINT('',#854);
#854 = CARTESIAN_POINT('',(-36.5,-26.5,15.));
#855 = SURFACE_CURVE('',#856,(#860,#866),.PCURVE_S1.);
#856 = LINE('',#857,#858);
#857 = CARTESIAN_POINT('',(-41.75,-26.5,15.));
#858 = VECTOR('',#859,1.);
#859 = DIRECTION('',(-1.,-0.,0.));
#860 = PCURVE('',#44,#861);
#861 = DEFINITIONAL_REPRESENTATION('',(#862),#865);
#862 = B_SPLINE_CURVE_WITH_KNOTS('',1,(#863,#864),.UNSPECIFIED.,.F.,.F.,
  (2,2),(-78.75,-4.75),.PIECEWISE_BEZIER_KNOTS.);
#863 = CARTESIAN_POINT('',(80.,2.5));
#864 = CARTESIAN_POINT('',(6.,2.5));
#865 = ( GEOMETRIC_REPRESENTATION_CONTEXT(2) 
PARAMETRIC_REPRESENTATION_CONTEXT() REPRESENTATION_CONTEXT('2D SPACE',''
  ) );
#866 = PCURVE('',#867,#872);
#867 = PLANE('',#868);
#868 = AXIS2_PLACEMENT_3D('',#869,#870,#871);
#869 = CARTESIAN_POINT('',(-40.5,-26.5,2.));
#870 = DIRECTION('',(-0.,1.,0.));
#871 = DIRECTION('',(0.,0.,1.));
#872 = DEFINITIONAL_REPRESENTATION('',(#873),#876);
#873 = B_SPLINE_CURVE_WITH_KNOTS('',1,(#874,#875),.UNSPECIFIED.,.F.,.F.,
  (2,2),(-78.75,-4.75),.PIECEWISE_BEZIER_KNOTS.);
#874 = CARTESIAN_POINT('',(13.,77.5));
#875 = CARTESIAN_POINT('',(13.,3.5));
#876 = ( GEOMETRIC_REPRESENTATION_CONTEXT(2) 
PARAMETRIC_REPRESENTATION_CONTEXT() REPRESENTATION_CONTEXT('2D SPACE',''
  ) );
#877 = ORIENTED_EDGE('',*,*,#878,.T.);
#878 = EDGE_CURVE('',#853,#581,#879,.T.);
#879 = SURFACE_CURVE('',#880,(#884,#890),.PCURVE_S1.);
#880 = LINE('',#881,#882);
#881 = CARTESIAN_POINT('',(-41.75,-26.5,15.));
#882 = VECTOR('',#883,1.);
#883 = DIRECTION('',(-1.,-0.,0.));
#884 = PCURVE('',#44,#885);
#885 = DEFINITIONAL_REPRESENTATION('',(#886),#889);
#886 = B_SPLINE_CURVE_WITH_KNOTS('',1,(#887,#888),.UNSPECIFIED.,.F.,.F.,
  (2,2),(-78.75,-4.75),.PIECEWISE_BEZIER_KNOTS.);
#887 = CARTESIAN_POINT('',(80.,2.5));
#888 = CARTESIAN_POINT('',(6.,2.5));
#889 = ( GEOMETRIC_REPRESENTATION_CONTEXT(2) 
PARAMETRIC_REPRESENTATION_CONTEXT() REPRESENTATION_CONTEXT('2D SPACE',''
  ) );
#890 = PCURVE('',#891,#896);
#891 = PLANE('',#892);
#892 = AXIS2_PLACEMENT_3D('',#893,#894,#895);
#893 = CARTESIAN_POINT('',(-40.5,-26.5,2.));
#894 = DIRECTION('',(-0.,1.,0.));
#895 = DIRECTION('',(0.,0.,1.));
#896 = DEFINITIONAL_REPRESENTATION('',(#897),#900);
#897 = B_SPLINE_CURVE_WITH_KNOTS('',1,(#898,#899),.UNSPECIFIED.,.F.,.F.,
  (2,2),(-78.75,-4.75),.PIECEWISE_BEZIER_KNOTS.);
#898 = CARTESIAN_POINT('',(13.,77.5));
#899 = CARTESIAN_POINT('',(13.,3.5));
#900 = ( GEOMETRIC_REPRESENTATION_CONTEXT(2) 
PARAMETRIC_REPRESENTATION_CONTEXT() REPRESENTATION_CONTEXT('2D SPACE',''
  ) );
#901 = ADVANCED_FACE('',(#902),#72,.T.);
#902 = FACE_BOUND('',#903,.T.);
#903 = EDGE_LOOP('',(#904,#928,#949,#950));
#904 = ORIENTED_EDGE('',*,*,#905,.T.);
#905 = EDGE_CURVE('',#57,#906,#908,.T.);
#906 = VERTEX_POINT('',#907);
#907 = CARTESIAN_POINT('',(-37.,-29.,0.));
#908 = SURFACE_CURVE('',#909,(#914,#921),.PCURVE_S1.);
#909 = CIRCLE('',#910,6.);
#910 = AXIS2_PLACEMENT_3D('',#911,#912,#913);
#911 = CARTESIAN_POINT('',(-37.,-23.,0.));
#912 = DIRECTION('',(0.,0.,1.));
#913 = DIRECTION('',(0.,-1.,0.));
#914 = PCURVE('',#72,#915);
#915 = DEFINITIONAL_REPRESENTATION('',(#916),#920);
#916 = LINE('',#917,#918);
#917 = CARTESIAN_POINT('',(-4.712388980385,0.));
#918 = VECTOR('',#919,1.);
#919 = DIRECTION('',(1.,0.));
#920 = ( GEOMETRIC_REPRESENTATION_CONTEXT(2) 
PARAMETRIC_REPRESENTATION_CONTEXT() REPRESENTATION_CONTEXT('2D SPACE',''
  ) );
#921 = PCURVE('',#100,#922);
#922 = DEFINITIONAL_REPRESENTATION('',(#923),#927);
#923 = CIRCLE('',#924,6.);
#924 = AXIS2_PLACEMENT_2D('',#925,#926);
#925 = CARTESIAN_POINT('',(6.,6.));
#926 = DIRECTION('',(0.,-1.));
#927 = ( GEOMETRIC_REPRESENTATION_CONTEXT(2) 
PARAMETRIC_REPRESENTATION_CONTEXT() REPRESENTATION_CONTEXT('2D SPACE',''
  ) );
#928 = ORIENTED_EDGE('',*,*,#929,.T.);
#929 = EDGE_CURVE('',#906,#381,#930,.T.);
#930 = SURFACE_CURVE('',#931,(#935,#942),.PCURVE_S1.);
#931 = LINE('',#932,#933);
#932 = CARTESIAN_POINT('',(-37.,-29.,0.));
#933 = VECTOR('',#934,1.);
#934 = DIRECTION('',(0.,0.,1.));
#935 = PCURVE('',#72,#936);
#936 = DEFINITIONAL_REPRESENTATION('',(#937),#941);
#937 = LINE('',#938,#939);
#938 = CARTESIAN_POINT('',(1.570796326795,0.));
#939 = VECTOR('',#940,1.);
#940 = DIRECTION('',(0.,1.));
#941 = ( GEOMETRIC_REPRESENTATION_CONTEXT(2) 
PARAMETRIC_REPRESENTATION_CONTEXT() REPRESENTATION_CONTEXT('2D SPACE',''
  ) );
#942 = PCURVE('',#420,#943);
#943 = DEFINITIONAL_REPRESENTATION('',(#944),#948);
#944 = LINE('',#945,#946);
#945 = CARTESIAN_POINT('',(0.,6.));
#946 = VECTOR('',#947,1.);
#947 = DIRECTION('',(1.,0.));
#948 = ( GEOMETRIC_REPRESENTATION_CONTEXT(2) 
PARAMETRIC_REPRESENTATION_CONTEXT() REPRESENTATION_CONTEXT('2D SPACE',''
  ) );
#949 = ORIENTED_EDGE('',*,*,#380,.F.);
#950 = ORIENTED_EDGE('',*,*,#56,.F.);
#951 = ADVANCED_FACE('',(#952),#227,.T.);
#952 = FACE_BOUND('',#953,.F.);
#953 = EDGE_LOOP('',(#954,#982,#1003,#1004));
#954 = ORIENTED_EDGE('',*,*,#955,.T.);
#955 = EDGE_CURVE('',#191,#956,#958,.T.);
#956 = VERTEX_POINT('',#957);
#957 = CARTESIAN_POINT('',(-37.,29.,0.));
#958 = SURFACE_CURVE('',#959,(#964,#971),.PCURVE_S1.);
#959 = CIRCLE('',#960,6.);
#960 = AXIS2_PLACEMENT_3D('',#961,#962,#963);
#961 = CARTESIAN_POINT('',(-37.,23.,0.));
#962 = DIRECTION('',(-0.,-0.,-1.));
#963 = DIRECTION('',(0.,-1.,0.));
#964 = PCURVE('',#227,#965);
#965 = DEFINITIONAL_REPRESENTATION('',(#966),#970);
#966 = LINE('',#967,#968);
#967 = CARTESIAN_POINT('',(1.570796326795,-0.));
#968 = VECTOR('',#969,1.);
#969 = DIRECTION('',(-1.,0.));
#970 = ( GEOMETRIC_REPRESENTATION_CONTEXT(2) 
PARAMETRIC_REPRESENTATION_CONTEXT() REPRESENTATION_CONTEXT('2D SPACE',''
  ) );
#971 = PCURVE('',#100,#972);
#972 = DEFINITIONAL_REPRESENTATION('',(#973),#981);
#973 = ( BOUNDED_CURVE() B_SPLINE_CURVE(2,(#974,#975,#976,#977,#978,#979
,#980),.UNSPECIFIED.,.T.,.F.) B_SPLINE_CURVE_WITH_KNOTS((1,2,2,2,2,1),(
    -2.094395102393,0.,2.094395102393,4.188790204786,6.28318530718,
8.377580409573),.UNSPECIFIED.) CURVE() GEOMETRIC_REPRESENTATION_ITEM() 
RATIONAL_B_SPLINE_CURVE((1.,0.5,1.,0.5,1.,0.5,1.)) REPRESENTATION_ITEM(
  '') );
#974 = CARTESIAN_POINT('',(6.,46.));
#975 = CARTESIAN_POINT('',(-4.392304845413,46.));
#976 = CARTESIAN_POINT('',(0.803847577293,55.));
#977 = CARTESIAN_POINT('',(6.,64.));
#978 = CARTESIAN_POINT('',(11.196152422707,55.));
#979 = CARTESIAN_POINT('',(16.392304845413,46.));
#980 = CARTESIAN_POINT('',(6.,46.));
#981 = ( GEOMETRIC_REPRESENTATION_CONTEXT(2) 
PARAMETRIC_REPRESENTATION_CONTEXT() REPRESENTATION_CONTEXT('2D SPACE',''
  ) );
#982 = ORIENTED_EDGE('',*,*,#983,.T.);
#983 = EDGE_CURVE('',#956,#523,#984,.T.);
#984 = SURFACE_CURVE('',#985,(#989,#996),.PCURVE_S1.);
#985 = LINE('',#986,#987);
#986 = CARTESIAN_POINT('',(-37.,29.,0.));
#987 = VECTOR('',#988,1.);
#988 = DIRECTION('',(0.,0.,1.));
#989 = PCURVE('',#227,#990);
#990 = DEFINITIONAL_REPRESENTATION('',(#991),#995);
#991 = LINE('',#992,#993);
#992 = CARTESIAN_POINT('',(-1.570796326795,0.));
#993 = VECTOR('',#994,1.);
#994 = DIRECTION('',(-0.,1.));
#995 = ( GEOMETRIC_REPRESENTATION_CONTEXT(2) 
PARAMETRIC_REPRESENTATION_CONTEXT() REPRESENTATION_CONTEXT('2D SPACE',''
  ) );
#996 = PCURVE('',#538,#997);
#997 = DEFINITIONAL_REPRESENTATION('',(#998),#1002);
#998 = LINE('',#999,#1000);
#999 = CARTESIAN_POINT('',(0.,6.));
#1000 = VECTOR('',#1001,1.);
#1001 = DIRECTION('',(1.,0.));
#1002 = ( GEOMETRIC_REPRESENTATION_CONTEXT(2) 
PARAMETRIC_REPRESENTATION_CONTEXT() REPRESENTATION_CONTEXT('2D SPACE',''
  ) );
#1003 = ORIENTED_EDGE('',*,*,#550,.F.);
#1004 = ORIENTED_EDGE('',*,*,#213,.F.);
#1005 = ADVANCED_FACE('',(#1006,#1310,#1341,#1372,#1482,#1513,#1544),
  #100,.F.);
#1006 = FACE_BOUND('',#1007,.F.);
#1007 = EDGE_LOOP('',(#1008,#1009,#1010,#1033,#1061,#1084,#1112,#1140,
    #1168,#1191,#1215,#1236,#1237,#1238,#1261,#1289));
#1008 = ORIENTED_EDGE('',*,*,#84,.F.);
#1009 = ORIENTED_EDGE('',*,*,#905,.T.);
#1010 = ORIENTED_EDGE('',*,*,#1011,.T.);
#1011 = EDGE_CURVE('',#906,#1012,#1014,.T.);
#1012 = VERTEX_POINT('',#1013);
#1013 = CARTESIAN_POINT('',(37.,-29.,0.));
#1014 = SURFACE_CURVE('',#1015,(#1019,#1026),.PCURVE_S1.);
#1015 = LINE('',#1016,#1017);
#1016 = CARTESIAN_POINT('',(-43.,-29.,0.));
#1017 = VECTOR('',#1018,1.);
#1018 = DIRECTION('',(1.,0.,-0.));
#1019 = PCURVE('',#100,#1020);
#1020 = DEFINITIONAL_REPRESENTATION('',(#1021),#1025);
#1021 = LINE('',#1022,#1023);
#1022 = CARTESIAN_POINT('',(0.,0.));
#1023 = VECTOR('',#1024,1.);
#1024 = DIRECTION('',(1.,0.));
#1025 = ( GEOMETRIC_REPRESENTATION_CONTEXT(2) 
PARAMETRIC_REPRESENTATION_CONTEXT() REPRESENTATION_CONTEXT('2D SPACE',''
  ) );
#1026 = PCURVE('',#420,#1027);
#1027 = DEFINITIONAL_REPRESENTATION('',(#1028),#1032);
#1028 = LINE('',#1029,#1030);
#1029 = CARTESIAN_POINT('',(0.,0.));
#1030 = VECTOR('',#1031,1.);
#1031 = DIRECTION('',(0.,1.));
#1032 = ( GEOMETRIC_REPRESENTATION_CONTEXT(2) 
PARAMETRIC_REPRESENTATION_CONTEXT() REPRESENTATION_CONTEXT('2D SPACE',''
  ) );
#1033 = ORIENTED_EDGE('',*,*,#1034,.F.);
#1034 = EDGE_CURVE('',#1035,#1012,#1037,.T.);
#1035 = VERTEX_POINT('',#1036);
#1036 = CARTESIAN_POINT('',(43.,-23.,0.));
#1037 = SURFACE_CURVE('',#1038,(#1043,#1054),.PCURVE_S1.);
#1038 = CIRCLE('',#1039,6.);
#1039 = AXIS2_PLACEMENT_3D('',#1040,#1041,#1042);
#1040 = CARTESIAN_POINT('',(37.,-23.,0.));
#1041 = DIRECTION('',(-0.,-0.,-1.));
#1042 = DIRECTION('',(0.,-1.,0.));
#1043 = PCURVE('',#100,#1044);
#1044 = DEFINITIONAL_REPRESENTATION('',(#1045),#1053);
#1045 = ( BOUNDED_CURVE() B_SPLINE_CURVE(2,(#1046,#1047,#1048,#1049,
#1050,#1051,#1052),.UNSPECIFIED.,.T.,.F.) B_SPLINE_CURVE_WITH_KNOTS((1,2
    ,2,2,2,1),(-2.094395102393,0.,2.094395102393,4.188790204786,
6.28318530718,8.377580409573),.UNSPECIFIED.) CURVE() 
GEOMETRIC_REPRESENTATION_ITEM() RATIONAL_B_SPLINE_CURVE((1.,0.5,1.,0.5,
1.,0.5,1.)) REPRESENTATION_ITEM('') );
#1046 = CARTESIAN_POINT('',(80.,0.));
#1047 = CARTESIAN_POINT('',(69.607695154587,0.));
#1048 = CARTESIAN_POINT('',(74.803847577293,9.));
#1049 = CARTESIAN_POINT('',(80.,18.));
#1050 = CARTESIAN_POINT('',(85.196152422707,9.));
#1051 = CARTESIAN_POINT('',(90.392304845413,8.881784197001E-15));
#1052 = CARTESIAN_POINT('',(80.,0.));
#1053 = ( GEOMETRIC_REPRESENTATION_CONTEXT(2) 
PARAMETRIC_REPRESENTATION_CONTEXT() REPRESENTATION_CONTEXT('2D SPACE',''
  ) );
#1054 = PCURVE('',#453,#1055);
#1055 = DEFINITIONAL_REPRESENTATION('',(#1056),#1060);
#1056 = LINE('',#1057,#1058);
#1057 = CARTESIAN_POINT('',(4.712388980385,-0.));
#1058 = VECTOR('',#1059,1.);
#1059 = DIRECTION('',(-1.,0.));
#1060 = ( GEOMETRIC_REPRESENTATION_CONTEXT(2) 
PARAMETRIC_REPRESENTATION_CONTEXT() REPRESENTATION_CONTEXT('2D SPACE',''
  ) );
#1061 = ORIENTED_EDGE('',*,*,#1062,.T.);
#1062 = EDGE_CURVE('',#1035,#1063,#1065,.T.);
#1063 = VERTEX_POINT('',#1064);
#1064 = CARTESIAN_POINT('',(43.,-20.,0.));
#1065 = SURFACE_CURVE('',#1066,(#1070,#1077),.PCURVE_S1.);
#1066 = LINE('',#1067,#1068);
#1067 = CARTESIAN_POINT('',(43.,-29.,0.));
#1068 = VECTOR('',#1069,1.);
#1069 = DIRECTION('',(-0.,1.,0.));
#1070 = PCURVE('',#100,#1071);
#1071 = DEFINITIONAL_REPRESENTATION('',(#1072),#1076);
#1072 = LINE('',#1073,#1074);
#1073 = CARTESIAN_POINT('',(86.,0.));
#1074 = VECTOR('',#1075,1.);
#1075 = DIRECTION('',(0.,1.));
#1076 = ( GEOMETRIC_REPRESENTATION_CONTEXT(2) 
PARAMETRIC_REPRESENTATION_CONTEXT() REPRESENTATION_CONTEXT('2D SPACE',''
  ) );
#1077 = PCURVE('',#481,#1078);
#1078 = DEFINITIONAL_REPRESENTATION('',(#1079),#1083);
#1079 = LINE('',#1080,#1081);
#1080 = CARTESIAN_POINT('',(0.,0.));
#1081 = VECTOR('',#1082,1.);
#1082 = DIRECTION('',(0.,-1.));
#1083 = ( GEOMETRIC_REPRESENTATION_CONTEXT(2) 
PARAMETRIC_REPRESENTATION_CONTEXT() REPRESENTATION_CONTEXT('2D SPACE',''
  ) );
#1084 = ORIENTED_EDGE('',*,*,#1085,.T.);
#1085 = EDGE_CURVE('',#1063,#1086,#1088,.T.);
#1086 = VERTEX_POINT('',#1087);
#1087 = CARTESIAN_POINT('',(53.,-20.,0.));
#1088 = SURFACE_CURVE('',#1089,(#1093,#1100),.PCURVE_S1.);
#1089 = LINE('',#1090,#1091);
#1090 = CARTESIAN_POINT('',(41.,-20.,0.));
#1091 = VECTOR('',#1092,1.);
#1092 = DIRECTION('',(1.,0.,-0.));
#1093 = PCURVE('',#100,#1094);
#1094 = DEFINITIONAL_REPRESENTATION('',(#1095),#1099);
#1095 = LINE('',#1096,#1097);
#1096 = CARTESIAN_POINT('',(84.,9.));
#1097 = VECTOR('',#1098,1.);
#1098 = DIRECTION('',(1.,0.));
#1099 = ( GEOMETRIC_REPRESENTATION_CONTEXT(2) 
PARAMETRIC_REPRESENTATION_CONTEXT() REPRESENTATION_CONTEXT('2D SPACE',''
  ) );
#1100 = PCURVE('',#1101,#1106);
#1101 = PLANE('',#1102);
#1102 = AXIS2_PLACEMENT_3D('',#1103,#1104,#1105);
#1103 = CARTESIAN_POINT('',(41.,-20.,0.));
#1104 = DIRECTION('',(-0.,1.,0.));
#1105 = DIRECTION('',(0.,0.,1.));
#1106 = DEFINITIONAL_REPRESENTATION('',(#1107),#1111);
#1107 = LINE('',#1108,#1109);
#1108 = CARTESIAN_POINT('',(0.,0.));
#1109 = VECTOR('',#1110,1.);
#1110 = DIRECTION('',(0.,1.));
#1111 = ( GEOMETRIC_REPRESENTATION_CONTEXT(2) 
PARAMETRIC_REPRESENTATION_CONTEXT() REPRESENTATION_CONTEXT('2D SPACE',''
  ) );
#1112 = ORIENTED_EDGE('',*,*,#1113,.T.);
#1113 = EDGE_CURVE('',#1086,#1114,#1116,.T.);
#1114 = VERTEX_POINT('',#1115);
#1115 = CARTESIAN_POINT('',(53.,20.,0.));
#1116 = SURFACE_CURVE('',#1117,(#1121,#1128),.PCURVE_S1.);
#1117 = LINE('',#1118,#1119);
#1118 = CARTESIAN_POINT('',(53.,-20.,0.));
#1119 = VECTOR('',#1120,1.);
#1120 = DIRECTION('',(-0.,1.,0.));
#1121 = PCURVE('',#100,#1122);
#1122 = DEFINITIONAL_REPRESENTATION('',(#1123),#1127);
#1123 = LINE('',#1124,#1125);
#1124 = CARTESIAN_POINT('',(96.,9.));
#1125 = VECTOR('',#1126,1.);
#1126 = DIRECTION('',(0.,1.));
#1127 = ( GEOMETRIC_REPRESENTATION_CONTEXT(2) 
PARAMETRIC_REPRESENTATION_CONTEXT() REPRESENTATION_CONTEXT('2D SPACE',''
  ) );
#1128 = PCURVE('',#1129,#1134);
#1129 = PLANE('',#1130);
#1130 = AXIS2_PLACEMENT_3D('',#1131,#1132,#1133);
#1131 = CARTESIAN_POINT('',(53.,-20.,0.));
#1132 = DIRECTION('',(1.,0.,-0.));
#1133 = DIRECTION('',(0.,0.,1.));
#1134 = DEFINITIONAL_REPRESENTATION('',(#1135),#1139);
#1135 = LINE('',#1136,#1137);
#1136 = CARTESIAN_POINT('',(0.,0.));
#1137 = VECTOR('',#1138,1.);
#1138 = DIRECTION('',(0.,-1.));
#1139 = ( GEOMETRIC_REPRESENTATION_CONTEXT(2) 
PARAMETRIC_REPRESENTATION_CONTEXT() REPRESENTATION_CONTEXT('2D SPACE',''
  ) );
#1140 = ORIENTED_EDGE('',*,*,#1141,.F.);
#1141 = EDGE_CURVE('',#1142,#1114,#1144,.T.);
#1142 = VERTEX_POINT('',#1143);
#1143 = CARTESIAN_POINT('',(43.,20.,0.));
#1144 = SURFACE_CURVE('',#1145,(#1149,#1156),.PCURVE_S1.);
#1145 = LINE('',#1146,#1147);
#1146 = CARTESIAN_POINT('',(41.,20.,0.));
#1147 = VECTOR('',#1148,1.);
#1148 = DIRECTION('',(1.,0.,-0.));
#1149 = PCURVE('',#100,#1150);
#1150 = DEFINITIONAL_REPRESENTATION('',(#1151),#1155);
#1151 = LINE('',#1152,#1153);
#1152 = CARTESIAN_POINT('',(84.,49.));
#1153 = VECTOR('',#1154,1.);
#1154 = DIRECTION('',(1.,0.));
#1155 = ( GEOMETRIC_REPRESENTATION_CONTEXT(2) 
PARAMETRIC_REPRESENTATION_CONTEXT() REPRESENTATION_CONTEXT('2D SPACE',''
  ) );
#1156 = PCURVE('',#1157,#1162);
#1157 = PLANE('',#1158);
#1158 = AXIS2_PLACEMENT_3D('',#1159,#1160,#1161);
#1159 = CARTESIAN_POINT('',(41.,20.,0.));
#1160 = DIRECTION('',(-0.,1.,0.));
#1161 = DIRECTION('',(0.,0.,1.));
#1162 = DEFINITIONAL_REPRESENTATION('',(#1163),#1167);
#1163 = LINE('',#1164,#1165);
#1164 = CARTESIAN_POINT('',(0.,0.));
#1165 = VECTOR('',#1166,1.);
#1166 = DIRECTION('',(0.,1.));
#1167 = ( GEOMETRIC_REPRESENTATION_CONTEXT(2) 
PARAMETRIC_REPRESENTATION_CONTEXT() REPRESENTATION_CONTEXT('2D SPACE',''
  ) );
#1168 = ORIENTED_EDGE('',*,*,#1169,.T.);
#1169 = EDGE_CURVE('',#1142,#1170,#1172,.T.);
#1170 = VERTEX_POINT('',#1171);
#1171 = CARTESIAN_POINT('',(43.,23.,0.));
#1172 = SURFACE_CURVE('',#1173,(#1177,#1184),.PCURVE_S1.);
#1173 = LINE('',#1174,#1175);
#1174 = CARTESIAN_POINT('',(43.,-29.,0.));
#1175 = VECTOR('',#1176,1.);
#1176 = DIRECTION('',(-0.,1.,0.));
#1177 = PCURVE('',#100,#1178);
#1178 = DEFINITIONAL_REPRESENTATION('',(#1179),#1183);
#1179 = LINE('',#1180,#1181);
#1180 = CARTESIAN_POINT('',(86.,0.));
#1181 = VECTOR('',#1182,1.);
#1182 = DIRECTION('',(0.,1.));
#1183 = ( GEOMETRIC_REPRESENTATION_CONTEXT(2) 
PARAMETRIC_REPRESENTATION_CONTEXT() REPRESENTATION_CONTEXT('2D SPACE',''
  ) );
#1184 = PCURVE('',#481,#1185);
#1185 = DEFINITIONAL_REPRESENTATION('',(#1186),#1190);
#1186 = LINE('',#1187,#1188);
#1187 = CARTESIAN_POINT('',(0.,0.));
#1188 = VECTOR('',#1189,1.);
#1189 = DIRECTION('',(0.,-1.));
#1190 = ( GEOMETRIC_REPRESENTATION_CONTEXT(2) 
PARAMETRIC_REPRESENTATION_CONTEXT() REPRESENTATION_CONTEXT('2D SPACE',''
  ) );
#1191 = ORIENTED_EDGE('',*,*,#1192,.T.);
#1192 = EDGE_CURVE('',#1170,#1193,#1195,.T.);
#1193 = VERTEX_POINT('',#1194);
#1194 = CARTESIAN_POINT('',(37.,29.,0.));
#1195 = SURFACE_CURVE('',#1196,(#1201,#1208),.PCURVE_S1.);
#1196 = CIRCLE('',#1197,6.);
#1197 = AXIS2_PLACEMENT_3D('',#1198,#1199,#1200);
#1198 = CARTESIAN_POINT('',(37.,23.,0.));
#1199 = DIRECTION('',(0.,0.,1.));
#1200 = DIRECTION('',(0.,-1.,0.));
#1201 = PCURVE('',#100,#1202);
#1202 = DEFINITIONAL_REPRESENTATION('',(#1203),#1207);
#1203 = CIRCLE('',#1204,6.);
#1204 = AXIS2_PLACEMENT_2D('',#1205,#1206);
#1205 = CARTESIAN_POINT('',(80.,52.));
#1206 = DIRECTION('',(0.,-1.));
#1207 = ( GEOMETRIC_REPRESENTATION_CONTEXT(2) 
PARAMETRIC_REPRESENTATION_CONTEXT() REPRESENTATION_CONTEXT('2D SPACE',''
  ) );
#1208 = PCURVE('',#510,#1209);
#1209 = DEFINITIONAL_REPRESENTATION('',(#1210),#1214);
#1210 = LINE('',#1211,#1212);
#1211 = CARTESIAN_POINT('',(-1.570796326795,0.));
#1212 = VECTOR('',#1213,1.);
#1213 = DIRECTION('',(1.,0.));
#1214 = ( GEOMETRIC_REPRESENTATION_CONTEXT(2) 
PARAMETRIC_REPRESENTATION_CONTEXT() REPRESENTATION_CONTEXT('2D SPACE',''
  ) );
#1215 = ORIENTED_EDGE('',*,*,#1216,.F.);
#1216 = EDGE_CURVE('',#956,#1193,#1217,.T.);
#1217 = SURFACE_CURVE('',#1218,(#1222,#1229),.PCURVE_S1.);
#1218 = LINE('',#1219,#1220);
#1219 = CARTESIAN_POINT('',(-43.,29.,0.));
#1220 = VECTOR('',#1221,1.);
#1221 = DIRECTION('',(1.,0.,-0.));
#1222 = PCURVE('',#100,#1223);
#1223 = DEFINITIONAL_REPRESENTATION('',(#1224),#1228);
#1224 = LINE('',#1225,#1226);
#1225 = CARTESIAN_POINT('',(0.,58.));
#1226 = VECTOR('',#1227,1.);
#1227 = DIRECTION('',(1.,0.));
#1228 = ( GEOMETRIC_REPRESENTATION_CONTEXT(2) 
PARAMETRIC_REPRESENTATION_CONTEXT() REPRESENTATION_CONTEXT('2D SPACE',''
  ) );
#1229 = PCURVE('',#538,#1230);
#1230 = DEFINITIONAL_REPRESENTATION('',(#1231),#1235);
#1231 = LINE('',#1232,#1233);
#1232 = CARTESIAN_POINT('',(0.,0.));
#1233 = VECTOR('',#1234,1.);
#1234 = DIRECTION('',(0.,1.));
#1235 = ( GEOMETRIC_REPRESENTATION_CONTEXT(2) 
PARAMETRIC_REPRESENTATION_CONTEXT() REPRESENTATION_CONTEXT('2D SPACE',''
  ) );
#1236 = ORIENTED_EDGE('',*,*,#955,.F.);
#1237 = ORIENTED_EDGE('',*,*,#190,.F.);
#1238 = ORIENTED_EDGE('',*,*,#1239,.F.);
#1239 = EDGE_CURVE('',#1240,#165,#1242,.T.);
#1240 = VERTEX_POINT('',#1241);
#1241 = CARTESIAN_POINT('',(-53.,20.,0.));
#1242 = SURFACE_CURVE('',#1243,(#1247,#1254),.PCURVE_S1.);
#1243 = LINE('',#1244,#1245);
#1244 = CARTESIAN_POINT('',(-53.,20.,0.));
#1245 = VECTOR('',#1246,1.);
#1246 = DIRECTION('',(1.,0.,-0.));
#1247 = PCURVE('',#100,#1248);
#1248 = DEFINITIONAL_REPRESENTATION('',(#1249),#1253);
#1249 = LINE('',#1250,#1251);
#1250 = CARTESIAN_POINT('',(-10.,49.));
#1251 = VECTOR('',#1252,1.);
#1252 = DIRECTION('',(1.,0.));
#1253 = ( GEOMETRIC_REPRESENTATION_CONTEXT(2) 
PARAMETRIC_REPRESENTATION_CONTEXT() REPRESENTATION_CONTEXT('2D SPACE',''
  ) );
#1254 = PCURVE('',#179,#1255);
#1255 = DEFINITIONAL_REPRESENTATION('',(#1256),#1260);
#1256 = LINE('',#1257,#1258);
#1257 = CARTESIAN_POINT('',(0.,0.));
#1258 = VECTOR('',#1259,1.);
#1259 = DIRECTION('',(0.,1.));
#1260 = ( GEOMETRIC_REPRESENTATION_CONTEXT(2) 
PARAMETRIC_REPRESENTATION_CONTEXT() REPRESENTATION_CONTEXT('2D SPACE',''
  ) );
#1261 = ORIENTED_EDGE('',*,*,#1262,.F.);
#1262 = EDGE_CURVE('',#1263,#1240,#1265,.T.);
#1263 = VERTEX_POINT('',#1264);
#1264 = CARTESIAN_POINT('',(-53.,-20.,0.));
#1265 = SURFACE_CURVE('',#1266,(#1270,#1277),.PCURVE_S1.);
#1266 = LINE('',#1267,#1268);
#1267 = CARTESIAN_POINT('',(-53.,-20.,0.));
#1268 = VECTOR('',#1269,1.);
#1269 = DIRECTION('',(-0.,1.,0.));
#1270 = PCURVE('',#100,#1271);
#1271 = DEFINITIONAL_REPRESENTATION('',(#1272),#1276);
#1272 = LINE('',#1273,#1274);
#1273 = CARTESIAN_POINT('',(-10.,9.));
#1274 = VECTOR('',#1275,1.);
#1275 = DIRECTION('',(0.,1.));
#1276 = ( GEOMETRIC_REPRESENTATION_CONTEXT(2) 
PARAMETRIC_REPRESENTATION_CONTEXT() REPRESENTATION_CONTEXT('2D SPACE',''
  ) );
#1277 = PCURVE('',#1278,#1283);
#1278 = PLANE('',#1279);
#1279 = AXIS2_PLACEMENT_3D('',#1280,#1281,#1282);
#1280 = CARTESIAN_POINT('',(-53.,-20.,0.));
#1281 = DIRECTION('',(1.,0.,-0.));
#1282 = DIRECTION('',(0.,0.,1.));
#1283 = DEFINITIONAL_REPRESENTATION('',(#1284),#1288);
#1284 = LINE('',#1285,#1286);
#1285 = CARTESIAN_POINT('',(0.,0.));
#1286 = VECTOR('',#1287,1.);
#1287 = DIRECTION('',(0.,-1.));
#1288 = ( GEOMETRIC_REPRESENTATION_CONTEXT(2) 
PARAMETRIC_REPRESENTATION_CONTEXT() REPRESENTATION_CONTEXT('2D SPACE',''
  ) );
#1289 = ORIENTED_EDGE('',*,*,#1290,.T.);
#1290 = EDGE_CURVE('',#1263,#85,#1291,.T.);
#1291 = SURFACE_CURVE('',#1292,(#1296,#1303),.PCURVE_S1.);
#1292 = LINE('',#1293,#1294);
#1293 = CARTESIAN_POINT('',(-53.,-20.,0.));
#1294 = VECTOR('',#1295,1.);
#1295 = DIRECTION('',(1.,0.,-0.));
#1296 = PCURVE('',#100,#1297);
#1297 = DEFINITIONAL_REPRESENTATION('',(#1298),#1302);
#1298 = LINE('',#1299,#1300);
#1299 = CARTESIAN_POINT('',(-10.,9.));
#1300 = VECTOR('',#1301,1.);
#1301 = DIRECTION('',(1.,0.));
#1302 = ( GEOMETRIC_REPRESENTATION_CONTEXT(2) 
PARAMETRIC_REPRESENTATION_CONTEXT() REPRESENTATION_CONTEXT('2D SPACE',''
  ) );
#1303 = PCURVE('',#127,#1304);
#1304 = DEFINITIONAL_REPRESENTATION('',(#1305),#1309);
#1305 = LINE('',#1306,#1307);
#1306 = CARTESIAN_POINT('',(0.,0.));
#1307 = VECTOR('',#1308,1.);
#1308 = DIRECTION('',(0.,1.));
#1309 = ( GEOMETRIC_REPRESENTATION_CONTEXT(2) 
PARAMETRIC_REPRESENTATION_CONTEXT() REPRESENTATION_CONTEXT('2D SPACE',''
  ) );
#1310 = FACE_BOUND('',#1311,.F.);
#1311 = EDGE_LOOP('',(#1312));
#1312 = ORIENTED_EDGE('',*,*,#1313,.F.);
#1313 = EDGE_CURVE('',#1314,#1314,#1316,.T.);
#1314 = VERTEX_POINT('',#1315);
#1315 = CARTESIAN_POINT('',(-35.15,-23.,0.));
#1316 = SURFACE_CURVE('',#1317,(#1322,#1329),.PCURVE_S1.);
#1317 = CIRCLE('',#1318,1.35);
#1318 = AXIS2_PLACEMENT_3D('',#1319,#1320,#1321);
#1319 = CARTESIAN_POINT('',(-36.5,-23.,0.));
#1320 = DIRECTION('',(0.,0.,1.));
#1321 = DIRECTION('',(1.,0.,-0.));
#1322 = PCURVE('',#100,#1323);
#1323 = DEFINITIONAL_REPRESENTATION('',(#1324),#1328);
#1324 = CIRCLE('',#1325,1.35);
#1325 = AXIS2_PLACEMENT_2D('',#1326,#1327);
#1326 = CARTESIAN_POINT('',(6.5,6.));
#1327 = DIRECTION('',(1.,0.));
#1328 = ( GEOMETRIC_REPRESENTATION_CONTEXT(2) 
PARAMETRIC_REPRESENTATION_CONTEXT() REPRESENTATION_CONTEXT('2D SPACE',''
  ) );
#1329 = PCURVE('',#1330,#1335);
#1330 = CYLINDRICAL_SURFACE('',#1331,1.35);
#1331 = AXIS2_PLACEMENT_3D('',#1332,#1333,#1334);
#1332 = CARTESIAN_POINT('',(-36.5,-23.,-1.));
#1333 = DIRECTION('',(0.,0.,1.));
#1334 = DIRECTION('',(1.,0.,-0.));
#1335 = DEFINITIONAL_REPRESENTATION('',(#1336),#1340);
#1336 = LINE('',#1337,#1338);
#1337 = CARTESIAN_POINT('',(0.,1.));
#1338 = VECTOR('',#1339,1.);
#1339 = DIRECTION('',(1.,0.));
#1340 = ( GEOMETRIC_REPRESENTATION_CONTEXT(2) 
PARAMETRIC_REPRESENTATION_CONTEXT() REPRESENTATION_CONTEXT('2D SPACE',''
  ) );
#1341 = FACE_BOUND('',#1342,.F.);
#1342 = EDGE_LOOP('',(#1343));
#1343 = ORIENTED_EDGE('',*,*,#1344,.F.);
#1344 = EDGE_CURVE('',#1345,#1345,#1347,.T.);
#1345 = VERTEX_POINT('',#1346);
#1346 = CARTESIAN_POINT('',(37.85,-23.,0.));
#1347 = SURFACE_CURVE('',#1348,(#1353,#1360),.PCURVE_S1.);
#1348 = CIRCLE('',#1349,1.35);
#1349 = AXIS2_PLACEMENT_3D('',#1350,#1351,#1352);
#1350 = CARTESIAN_POINT('',(36.5,-23.,0.));
#1351 = DIRECTION('',(0.,0.,1.));
#1352 = DIRECTION('',(1.,0.,-0.));
#1353 = PCURVE('',#100,#1354);
#1354 = DEFINITIONAL_REPRESENTATION('',(#1355),#1359);
#1355 = CIRCLE('',#1356,1.35);
#1356 = AXIS2_PLACEMENT_2D('',#1357,#1358);
#1357 = CARTESIAN_POINT('',(79.5,6.));
#1358 = DIRECTION('',(1.,0.));
#1359 = ( GEOMETRIC_REPRESENTATION_CONTEXT(2) 
PARAMETRIC_REPRESENTATION_CONTEXT() REPRESENTATION_CONTEXT('2D SPACE',''
  ) );
#1360 = PCURVE('',#1361,#1366);
#1361 = CYLINDRICAL_SURFACE('',#1362,1.35);
#1362 = AXIS2_PLACEMENT_3D('',#1363,#1364,#1365);
#1363 = CARTESIAN_POINT('',(36.5,-23.,-1.));
#1364 = DIRECTION('',(0.,0.,1.));
#1365 = DIRECTION('',(1.,0.,-0.));
#1366 = DEFINITIONAL_REPRESENTATION('',(#1367),#1371);
#1367 = LINE('',#1368,#1369);
#1368 = CARTESIAN_POINT('',(0.,1.));
#1369 = VECTOR('',#1370,1.);
#1370 = DIRECTION('',(1.,0.));
#1371 = ( GEOMETRIC_REPRESENTATION_CONTEXT(2) 
PARAMETRIC_REPRESENTATION_CONTEXT() REPRESENTATION_CONTEXT('2D SPACE',''
  ) );
#1372 = FACE_BOUND('',#1373,.F.);
#1373 = EDGE_LOOP('',(#1374,#1403,#1430,#1457));
#1374 = ORIENTED_EDGE('',*,*,#1375,.F.);
#1375 = EDGE_CURVE('',#1376,#1378,#1380,.T.);
#1376 = VERTEX_POINT('',#1377);
#1377 = CARTESIAN_POINT('',(-46.,15.,0.));
#1378 = VERTEX_POINT('',#1379);
#1379 = CARTESIAN_POINT('',(-50.,15.,0.));
#1380 = SURFACE_CURVE('',#1381,(#1385,#1392),.PCURVE_S1.);
#1381 = LINE('',#1382,#1383);
#1382 = CARTESIAN_POINT('',(-51.5,15.,0.));
#1383 = VECTOR('',#1384,1.);
#1384 = DIRECTION('',(-1.,-0.,0.));
#1385 = PCURVE('',#100,#1386);
#1386 = DEFINITIONAL_REPRESENTATION('',(#1387),#1391);
#1387 = LINE('',#1388,#1389);
#1388 = CARTESIAN_POINT('',(-8.5,44.));
#1389 = VECTOR('',#1390,1.);
#1390 = DIRECTION('',(-1.,0.));
#1391 = ( GEOMETRIC_REPRESENTATION_CONTEXT(2) 
PARAMETRIC_REPRESENTATION_CONTEXT() REPRESENTATION_CONTEXT('2D SPACE',''
  ) );
#1392 = PCURVE('',#1393,#1398);
#1393 = PLANE('',#1394);
#1394 = AXIS2_PLACEMENT_3D('',#1395,#1396,#1397);
#1395 = CARTESIAN_POINT('',(-50.,15.,-1.));
#1396 = DIRECTION('',(-0.,1.,0.));
#1397 = DIRECTION('',(0.,0.,1.));
#1398 = DEFINITIONAL_REPRESENTATION('',(#1399),#1402);
#1399 = B_SPLINE_CURVE_WITH_KNOTS('',1,(#1400,#1401),.UNSPECIFIED.,.F.,
  .F.,(2,2),(-5.5,-1.5),.PIECEWISE_BEZIER_KNOTS.);
#1400 = CARTESIAN_POINT('',(1.,4.));
#1401 = CARTESIAN_POINT('',(1.,0.));
#1402 = ( GEOMETRIC_REPRESENTATION_CONTEXT(2) 
PARAMETRIC_REPRESENTATION_CONTEXT() REPRESENTATION_CONTEXT('2D SPACE',''
  ) );
#1403 = ORIENTED_EDGE('',*,*,#1404,.F.);
#1404 = EDGE_CURVE('',#1405,#1376,#1407,.T.);
#1405 = VERTEX_POINT('',#1406);
#1406 = CARTESIAN_POINT('',(-46.,-15.,0.));
#1407 = SURFACE_CURVE('',#1408,(#1412,#1419),.PCURVE_S1.);
#1408 = LINE('',#1409,#1410);
#1409 = CARTESIAN_POINT('',(-46.,-17.5,0.));
#1410 = VECTOR('',#1411,1.);
#1411 = DIRECTION('',(-0.,1.,0.));
#1412 = PCURVE('',#100,#1413);
#1413 = DEFINITIONAL_REPRESENTATION('',(#1414),#1418);
#1414 = LINE('',#1415,#1416);
#1415 = CARTESIAN_POINT('',(-3.,11.5));
#1416 = VECTOR('',#1417,1.);
#1417 = DIRECTION('',(0.,1.));
#1418 = ( GEOMETRIC_REPRESENTATION_CONTEXT(2) 
PARAMETRIC_REPRESENTATION_CONTEXT() REPRESENTATION_CONTEXT('2D SPACE',''
  ) );
#1419 = PCURVE('',#1420,#1425);
#1420 = PLANE('',#1421);
#1421 = AXIS2_PLACEMENT_3D('',#1422,#1423,#1424);
#1422 = CARTESIAN_POINT('',(-46.,-15.,-1.));
#1423 = DIRECTION('',(1.,0.,-0.));
#1424 = DIRECTION('',(0.,0.,1.));
#1425 = DEFINITIONAL_REPRESENTATION('',(#1426),#1429);
#1426 = B_SPLINE_CURVE_WITH_KNOTS('',1,(#1427,#1428),.UNSPECIFIED.,.F.,
  .F.,(2,2),(2.5,32.5),.PIECEWISE_BEZIER_KNOTS.);
#1427 = CARTESIAN_POINT('',(1.,0.));
#1428 = CARTESIAN_POINT('',(1.,-30.));
#1429 = ( GEOMETRIC_REPRESENTATION_CONTEXT(2) 
PARAMETRIC_REPRESENTATION_CONTEXT() REPRESENTATION_CONTEXT('2D SPACE',''
  ) );
#1430 = ORIENTED_EDGE('',*,*,#1431,.T.);
#1431 = EDGE_CURVE('',#1405,#1432,#1434,.T.);
#1432 = VERTEX_POINT('',#1433);
#1433 = CARTESIAN_POINT('',(-50.,-15.,0.));
#1434 = SURFACE_CURVE('',#1435,(#1439,#1446),.PCURVE_S1.);
#1435 = LINE('',#1436,#1437);
#1436 = CARTESIAN_POINT('',(-51.5,-15.,0.));
#1437 = VECTOR('',#1438,1.);
#1438 = DIRECTION('',(-1.,-0.,0.));
#1439 = PCURVE('',#100,#1440);
#1440 = DEFINITIONAL_REPRESENTATION('',(#1441),#1445);
#1441 = LINE('',#1442,#1443);
#1442 = CARTESIAN_POINT('',(-8.5,14.));
#1443 = VECTOR('',#1444,1.);
#1444 = DIRECTION('',(-1.,0.));
#1445 = ( GEOMETRIC_REPRESENTATION_CONTEXT(2) 
PARAMETRIC_REPRESENTATION_CONTEXT() REPRESENTATION_CONTEXT('2D SPACE',''
  ) );
#1446 = PCURVE('',#1447,#1452);
#1447 = PLANE('',#1448);
#1448 = AXIS2_PLACEMENT_3D('',#1449,#1450,#1451);
#1449 = CARTESIAN_POINT('',(-50.,-15.,-1.));
#1450 = DIRECTION('',(-0.,1.,0.));
#1451 = DIRECTION('',(0.,0.,1.));
#1452 = DEFINITIONAL_REPRESENTATION('',(#1453),#1456);
#1453 = B_SPLINE_CURVE_WITH_KNOTS('',1,(#1454,#1455),.UNSPECIFIED.,.F.,
  .F.,(2,2),(-5.5,-1.5),.PIECEWISE_BEZIER_KNOTS.);
#1454 = CARTESIAN_POINT('',(1.,4.));
#1455 = CARTESIAN_POINT('',(1.,0.));
#1456 = ( GEOMETRIC_REPRESENTATION_CONTEXT(2) 
PARAMETRIC_REPRESENTATION_CONTEXT() REPRESENTATION_CONTEXT('2D SPACE',''
  ) );
#1457 = ORIENTED_EDGE('',*,*,#1458,.T.);
#1458 = EDGE_CURVE('',#1432,#1378,#1459,.T.);
#1459 = SURFACE_CURVE('',#1460,(#1464,#1471),.PCURVE_S1.);
#1460 = LINE('',#1461,#1462);
#1461 = CARTESIAN_POINT('',(-50.,-17.5,0.));
#1462 = VECTOR('',#1463,1.);
#1463 = DIRECTION('',(-0.,1.,0.));
#1464 = PCURVE('',#100,#1465);
#1465 = DEFINITIONAL_REPRESENTATION('',(#1466),#1470);
#1466 = LINE('',#1467,#1468);
#1467 = CARTESIAN_POINT('',(-7.,11.5));
#1468 = VECTOR('',#1469,1.);
#1469 = DIRECTION('',(0.,1.));
#1470 = ( GEOMETRIC_REPRESENTATION_CONTEXT(2) 
PARAMETRIC_REPRESENTATION_CONTEXT() REPRESENTATION_CONTEXT('2D SPACE',''
  ) );
#1471 = PCURVE('',#1472,#1477);
#1472 = PLANE('',#1473);
#1473 = AXIS2_PLACEMENT_3D('',#1474,#1475,#1476);
#1474 = CARTESIAN_POINT('',(-50.,-15.,-1.));
#1475 = DIRECTION('',(1.,0.,-0.));
#1476 = DIRECTION('',(0.,0.,1.));
#1477 = DEFINITIONAL_REPRESENTATION('',(#1478),#1481);
#1478 = B_SPLINE_CURVE_WITH_KNOTS('',1,(#1479,#1480),.UNSPECIFIED.,.F.,
  .F.,(2,2),(2.5,32.5),.PIECEWISE_BEZIER_KNOTS.);
#1479 = CARTESIAN_POINT('',(1.,0.));
#1480 = CARTESIAN_POINT('',(1.,-30.));
#1481 = ( GEOMETRIC_REPRESENTATION_CONTEXT(2) 
PARAMETRIC_REPRESENTATION_CONTEXT() REPRESENTATION_CONTEXT('2D SPACE',''
  ) );
#1482 = FACE_BOUND('',#1483,.F.);
#1483 = EDGE_LOOP('',(#1484));
#1484 = ORIENTED_EDGE('',*,*,#1485,.F.);
#1485 = EDGE_CURVE('',#1486,#1486,#1488,.T.);
#1486 = VERTEX_POINT('',#1487);
#1487 = CARTESIAN_POINT('',(-35.15,23.,0.));
#1488 = SURFACE_CURVE('',#1489,(#1494,#1501),.PCURVE_S1.);
#1489 = CIRCLE('',#1490,1.35);
#1490 = AXIS2_PLACEMENT_3D('',#1491,#1492,#1493);
#1491 = CARTESIAN_POINT('',(-36.5,23.,0.));
#1492 = DIRECTION('',(0.,0.,1.));
#1493 = DIRECTION('',(1.,0.,-0.));
#1494 = PCURVE('',#100,#1495);
#1495 = DEFINITIONAL_REPRESENTATION('',(#1496),#1500);
#1496 = CIRCLE('',#1497,1.35);
#1497 = AXIS2_PLACEMENT_2D('',#1498,#1499);
#1498 = CARTESIAN_POINT('',(6.5,52.));
#1499 = DIRECTION('',(1.,0.));
#1500 = ( GEOMETRIC_REPRESENTATION_CONTEXT(2) 
PARAMETRIC_REPRESENTATION_CONTEXT() REPRESENTATION_CONTEXT('2D SPACE',''
  ) );
#1501 = PCURVE('',#1502,#1507);
#1502 = CYLINDRICAL_SURFACE('',#1503,1.35);
#1503 = AXIS2_PLACEMENT_3D('',#1504,#1505,#1506);
#1504 = CARTESIAN_POINT('',(-36.5,23.,-1.));
#1505 = DIRECTION('',(0.,0.,1.));
#1506 = DIRECTION('',(1.,0.,-0.));
#1507 = DEFINITIONAL_REPRESENTATION('',(#1508),#1512);
#1508 = LINE('',#1509,#1510);
#1509 = CARTESIAN_POINT('',(0.,1.));
#1510 = VECTOR('',#1511,1.);
#1511 = DIRECTION('',(1.,0.));
#1512 = ( GEOMETRIC_REPRESENTATION_CONTEXT(2) 
PARAMETRIC_REPRESENTATION_CONTEXT() REPRESENTATION_CONTEXT('2D SPACE',''
  ) );
#1513 = FACE_BOUND('',#1514,.F.);
#1514 = EDGE_LOOP('',(#1515));
#1515 = ORIENTED_EDGE('',*,*,#1516,.F.);
#1516 = EDGE_CURVE('',#1517,#1517,#1519,.T.);
#1517 = VERTEX_POINT('',#1518);
#1518 = CARTESIAN_POINT('',(37.85,23.,0.));
#1519 = SURFACE_CURVE('',#1520,(#1525,#1532),.PCURVE_S1.);
#1520 = CIRCLE('',#1521,1.35);
#1521 = AXIS2_PLACEMENT_3D('',#1522,#1523,#1524);
#1522 = CARTESIAN_POINT('',(36.5,23.,0.));
#1523 = DIRECTION('',(0.,0.,1.));
#1524 = DIRECTION('',(1.,0.,-0.));
#1525 = PCURVE('',#100,#1526);
#1526 = DEFINITIONAL_REPRESENTATION('',(#1527),#1531);
#1527 = CIRCLE('',#1528,1.35);
#1528 = AXIS2_PLACEMENT_2D('',#1529,#1530);
#1529 = CARTESIAN_POINT('',(79.5,52.));
#1530 = DIRECTION('',(1.,0.));
#1531 = ( GEOMETRIC_REPRESENTATION_CONTEXT(2) 
PARAMETRIC_REPRESENTATION_CONTEXT() REPRESENTATION_CONTEXT('2D SPACE',''
  ) );
#1532 = PCURVE('',#1533,#1538);
#1533 = CYLINDRICAL_SURFACE('',#1534,1.35);
#1534 = AXIS2_PLACEMENT_3D('',#1535,#1536,#1537);
#1535 = CARTESIAN_POINT('',(36.5,23.,-1.));
#1536 = DIRECTION('',(0.,0.,1.));
#1537 = DIRECTION('',(1.,0.,-0.));
#1538 = DEFINITIONAL_REPRESENTATION('',(#1539),#1543);
#1539 = LINE('',#1540,#1541);
#1540 = CARTESIAN_POINT('',(0.,1.));
#1541 = VECTOR('',#1542,1.);
#1542 = DIRECTION('',(1.,0.));
#1543 = ( GEOMETRIC_REPRESENTATION_CONTEXT(2) 
PARAMETRIC_REPRESENTATION_CONTEXT() REPRESENTATION_CONTEXT('2D SPACE',''
  ) );
#1544 = FACE_BOUND('',#1545,.F.);
#1545 = EDGE_LOOP('',(#1546,#1575,#1602,#1629));
#1546 = ORIENTED_EDGE('',*,*,#1547,.F.);
#1547 = EDGE_CURVE('',#1548,#1550,#1552,.T.);
#1548 = VERTEX_POINT('',#1549);
#1549 = CARTESIAN_POINT('',(50.,15.,0.));
#1550 = VERTEX_POINT('',#1551);
#1551 = CARTESIAN_POINT('',(46.,15.,0.));
#1552 = SURFACE_CURVE('',#1553,(#1557,#1564),.PCURVE_S1.);
#1553 = LINE('',#1554,#1555);
#1554 = CARTESIAN_POINT('',(43.5,15.,0.));
#1555 = VECTOR('',#1556,1.);
#1556 = DIRECTION('',(-1.,-0.,0.));
#1557 = PCURVE('',#100,#1558);
#1558 = DEFINITIONAL_REPRESENTATION('',(#1559),#1563);
#1559 = LINE('',#1560,#1561);
#1560 = CARTESIAN_POINT('',(86.5,44.));
#1561 = VECTOR('',#1562,1.);
#1562 = DIRECTION('',(-1.,0.));
#1563 = ( GEOMETRIC_REPRESENTATION_CONTEXT(2) 
PARAMETRIC_REPRESENTATION_CONTEXT() REPRESENTATION_CONTEXT('2D SPACE',''
  ) );
#1564 = PCURVE('',#1565,#1570);
#1565 = PLANE('',#1566);
#1566 = AXIS2_PLACEMENT_3D('',#1567,#1568,#1569);
#1567 = CARTESIAN_POINT('',(46.,15.,-1.));
#1568 = DIRECTION('',(-0.,1.,0.));
#1569 = DIRECTION('',(0.,0.,1.));
#1570 = DEFINITIONAL_REPRESENTATION('',(#1571),#1574);
#1571 = B_SPLINE_CURVE_WITH_KNOTS('',1,(#1572,#1573),.UNSPECIFIED.,.F.,
  .F.,(2,2),(-6.5,-2.5),.PIECEWISE_BEZIER_KNOTS.);
#1572 = CARTESIAN_POINT('',(1.,4.));
#1573 = CARTESIAN_POINT('',(1.,0.));
#1574 = ( GEOMETRIC_REPRESENTATION_CONTEXT(2) 
PARAMETRIC_REPRESENTATION_CONTEXT() REPRESENTATION_CONTEXT('2D SPACE',''
  ) );
#1575 = ORIENTED_EDGE('',*,*,#1576,.F.);
#1576 = EDGE_CURVE('',#1577,#1548,#1579,.T.);
#1577 = VERTEX_POINT('',#1578);
#1578 = CARTESIAN_POINT('',(50.,-15.,0.));
#1579 = SURFACE_CURVE('',#1580,(#1584,#1591),.PCURVE_S1.);
#1580 = LINE('',#1581,#1582);
#1581 = CARTESIAN_POINT('',(50.,-17.5,0.));
#1582 = VECTOR('',#1583,1.);
#1583 = DIRECTION('',(-0.,1.,0.));
#1584 = PCURVE('',#100,#1585);
#1585 = DEFINITIONAL_REPRESENTATION('',(#1586),#1590);
#1586 = LINE('',#1587,#1588);
#1587 = CARTESIAN_POINT('',(93.,11.5));
#1588 = VECTOR('',#1589,1.);
#1589 = DIRECTION('',(0.,1.));
#1590 = ( GEOMETRIC_REPRESENTATION_CONTEXT(2) 
PARAMETRIC_REPRESENTATION_CONTEXT() REPRESENTATION_CONTEXT('2D SPACE',''
  ) );
#1591 = PCURVE('',#1592,#1597);
#1592 = PLANE('',#1593);
#1593 = AXIS2_PLACEMENT_3D('',#1594,#1595,#1596);
#1594 = CARTESIAN_POINT('',(50.,-15.,-1.));
#1595 = DIRECTION('',(1.,0.,-0.));
#1596 = DIRECTION('',(0.,0.,1.));
#1597 = DEFINITIONAL_REPRESENTATION('',(#1598),#1601);
#1598 = B_SPLINE_CURVE_WITH_KNOTS('',1,(#1599,#1600),.UNSPECIFIED.,.F.,
  .F.,(2,2),(2.5,32.5),.PIECEWISE_BEZIER_KNOTS.);
#1599 = CARTESIAN_POINT('',(1.,0.));
#1600 = CARTESIAN_POINT('',(1.,-30.));
#1601 = ( GEOMETRIC_REPRESENTATION_CONTEXT(2) 
PARAMETRIC_REPRESENTATION_CONTEXT() REPRESENTATION_CONTEXT('2D SPACE',''
  ) );
#1602 = ORIENTED_EDGE('',*,*,#1603,.T.);
#1603 = EDGE_CURVE('',#1577,#1604,#1606,.T.);
#1604 = VERTEX_POINT('',#1605);
#1605 = CARTESIAN_POINT('',(46.,-15.,0.));
#1606 = SURFACE_CURVE('',#1607,(#1611,#1618),.PCURVE_S1.);
#1607 = LINE('',#1608,#1609);
#1608 = CARTESIAN_POINT('',(43.5,-15.,0.));
#1609 = VECTOR('',#1610,1.);
#1610 = DIRECTION('',(-1.,-0.,0.));
#1611 = PCURVE('',#100,#1612);
#1612 = DEFINITIONAL_REPRESENTATION('',(#1613),#1617);
#1613 = LINE('',#1614,#1615);
#1614 = CARTESIAN_POINT('',(86.5,14.));
#1615 = VECTOR('',#1616,1.);
#1616 = DIRECTION('',(-1.,0.));
#1617 = ( GEOMETRIC_REPRESENTATION_CONTEXT(2) 
PARAMETRIC_REPRESENTATION_CONTEXT() REPRESENTATION_CONTEXT('2D SPACE',''
  ) );
#1618 = PCURVE('',#1619,#1624);
#1619 = PLANE('',#1620);
#1620 = AXIS2_PLACEMENT_3D('',#1621,#1622,#1623);
#1621 = CARTESIAN_POINT('',(46.,-15.,-1.));
#1622 = DIRECTION('',(-0.,1.,0.));
#1623 = DIRECTION('',(0.,0.,1.));
#1624 = DEFINITIONAL_REPRESENTATION('',(#1625),#1628);
#1625 = B_SPLINE_CURVE_WITH_KNOTS('',1,(#1626,#1627),.UNSPECIFIED.,.F.,
  .F.,(2,2),(-6.5,-2.5),.PIECEWISE_BEZIER_KNOTS.);
#1626 = CARTESIAN_POINT('',(1.,4.));
#1627 = CARTESIAN_POINT('',(1.,0.));
#1628 = ( GEOMETRIC_REPRESENTATION_CONTEXT(2) 
PARAMETRIC_REPRESENTATION_CONTEXT() REPRESENTATION_CONTEXT('2D SPACE',''
  ) );
#1629 = ORIENTED_EDGE('',*,*,#1630,.T.);
#1630 = EDGE_CURVE('',#1604,#1550,#1631,.T.);
#1631 = SURFACE_CURVE('',#1632,(#1636,#1643),.PCURVE_S1.);
#1632 = LINE('',#1633,#1634);
#1633 = CARTESIAN_POINT('',(46.,-17.5,0.));
#1634 = VECTOR('',#1635,1.);
#1635 = DIRECTION('',(-0.,1.,0.));
#1636 = PCURVE('',#100,#1637);
#1637 = DEFINITIONAL_REPRESENTATION('',(#1638),#1642);
#1638 = LINE('',#1639,#1640);
#1639 = CARTESIAN_POINT('',(89.,11.5));
#1640 = VECTOR('',#1641,1.);
#1641 = DIRECTION('',(0.,1.));
#1642 = ( GEOMETRIC_REPRESENTATION_CONTEXT(2) 
PARAMETRIC_REPRESENTATION_CONTEXT() REPRESENTATION_CONTEXT('2D SPACE',''
  ) );
#1643 = PCURVE('',#1644,#1649);
#1644 = PLANE('',#1645);
#1645 = AXIS2_PLACEMENT_3D('',#1646,#1647,#1648);
#1646 = CARTESIAN_POINT('',(46.,-15.,-1.));
#1647 = DIRECTION('',(1.,0.,-0.));
#1648 = DIRECTION('',(0.,0.,1.));
#1649 = DEFINITIONAL_REPRESENTATION('',(#1650),#1653);
#1650 = B_SPLINE_CURVE_WITH_KNOTS('',1,(#1651,#1652),.UNSPECIFIED.,.F.,
  .F.,(2,2),(2.5,32.5),.PIECEWISE_BEZIER_KNOTS.);
#1651 = CARTESIAN_POINT('',(1.,0.));
#1652 = CARTESIAN_POINT('',(1.,-30.));
#1653 = ( GEOMETRIC_REPRESENTATION_CONTEXT(2) 
PARAMETRIC_REPRESENTATION_CONTEXT() REPRESENTATION_CONTEXT('2D SPACE',''
  ) );
#1654 = ADVANCED_FACE('',(#1655),#127,.F.);
#1655 = FACE_BOUND('',#1656,.F.);
#1656 = EDGE_LOOP('',(#1657,#1658,#1681,#1702));
#1657 = ORIENTED_EDGE('',*,*,#1290,.F.);
#1658 = ORIENTED_EDGE('',*,*,#1659,.T.);
#1659 = EDGE_CURVE('',#1263,#1660,#1662,.T.);
#1660 = VERTEX_POINT('',#1661);
#1661 = CARTESIAN_POINT('',(-53.,-20.,5.));
#1662 = SURFACE_CURVE('',#1663,(#1667,#1674),.PCURVE_S1.);
#1663 = LINE('',#1664,#1665);
#1664 = CARTESIAN_POINT('',(-53.,-20.,0.));
#1665 = VECTOR('',#1666,1.);
#1666 = DIRECTION('',(0.,0.,1.));
#1667 = PCURVE('',#127,#1668);
#1668 = DEFINITIONAL_REPRESENTATION('',(#1669),#1673);
#1669 = LINE('',#1670,#1671);
#1670 = CARTESIAN_POINT('',(0.,0.));
#1671 = VECTOR('',#1672,1.);
#1672 = DIRECTION('',(1.,0.));
#1673 = ( GEOMETRIC_REPRESENTATION_CONTEXT(2) 
PARAMETRIC_REPRESENTATION_CONTEXT() REPRESENTATION_CONTEXT('2D SPACE',''
  ) );
#1674 = PCURVE('',#1278,#1675);
#1675 = DEFINITIONAL_REPRESENTATION('',(#1676),#1680);
#1676 = LINE('',#1677,#1678);
#1677 = CARTESIAN_POINT('',(0.,0.));
#1678 = VECTOR('',#1679,1.);
#1679 = DIRECTION('',(1.,0.));
#1680 = ( GEOMETRIC_REPRESENTATION_CONTEXT(2) 
PARAMETRIC_REPRESENTATION_CONTEXT() REPRESENTATION_CONTEXT('2D SPACE',''
  ) );
#1681 = ORIENTED_EDGE('',*,*,#1682,.T.);
#1682 = EDGE_CURVE('',#1660,#113,#1683,.T.);
#1683 = SURFACE_CURVE('',#1684,(#1688,#1695),.PCURVE_S1.);
#1684 = LINE('',#1685,#1686);
#1685 = CARTESIAN_POINT('',(-53.,-20.,5.));
#1686 = VECTOR('',#1687,1.);
#1687 = DIRECTION('',(1.,0.,-0.));
#1688 = PCURVE('',#127,#1689);
#1689 = DEFINITIONAL_REPRESENTATION('',(#1690),#1694);
#1690 = LINE('',#1691,#1692);
#1691 = CARTESIAN_POINT('',(5.,0.));
#1692 = VECTOR('',#1693,1.);
#1693 = DIRECTION('',(0.,1.));
#1694 = ( GEOMETRIC_REPRESENTATION_CONTEXT(2) 
PARAMETRIC_REPRESENTATION_CONTEXT() REPRESENTATION_CONTEXT('2D SPACE',''
  ) );
#1695 = PCURVE('',#153,#1696);
#1696 = DEFINITIONAL_REPRESENTATION('',(#1697),#1701);
#1697 = LINE('',#1698,#1699);
#1698 = CARTESIAN_POINT('',(0.,0.));
#1699 = VECTOR('',#1700,1.);
#1700 = DIRECTION('',(1.,0.));
#1701 = ( GEOMETRIC_REPRESENTATION_CONTEXT(2) 
PARAMETRIC_REPRESENTATION_CONTEXT() REPRESENTATION_CONTEXT('2D SPACE',''
  ) );
#1702 = ORIENTED_EDGE('',*,*,#112,.F.);
#1703 = ADVANCED_FACE('',(#1704),#179,.T.);
#1704 = FACE_BOUND('',#1705,.T.);
#1705 = EDGE_LOOP('',(#1706,#1707,#1730,#1751));
#1706 = ORIENTED_EDGE('',*,*,#1239,.F.);
#1707 = ORIENTED_EDGE('',*,*,#1708,.T.);
#1708 = EDGE_CURVE('',#1240,#1709,#1711,.T.);
#1709 = VERTEX_POINT('',#1710);
#1710 = CARTESIAN_POINT('',(-53.,20.,5.));
#1711 = SURFACE_CURVE('',#1712,(#1716,#1723),.PCURVE_S1.);
#1712 = LINE('',#1713,#1714);
#1713 = CARTESIAN_POINT('',(-53.,20.,0.));
#1714 = VECTOR('',#1715,1.);
#1715 = DIRECTION('',(0.,0.,1.));
#1716 = PCURVE('',#179,#1717);
#1717 = DEFINITIONAL_REPRESENTATION('',(#1718),#1722);
#1718 = LINE('',#1719,#1720);
#1719 = CARTESIAN_POINT('',(0.,0.));
#1720 = VECTOR('',#1721,1.);
#1721 = DIRECTION('',(1.,0.));
#1722 = ( GEOMETRIC_REPRESENTATION_CONTEXT(2) 
PARAMETRIC_REPRESENTATION_CONTEXT() REPRESENTATION_CONTEXT('2D SPACE',''
  ) );
#1723 = PCURVE('',#1278,#1724);
#1724 = DEFINITIONAL_REPRESENTATION('',(#1725),#1729);
#1725 = LINE('',#1726,#1727);
#1726 = CARTESIAN_POINT('',(0.,-40.));
#1727 = VECTOR('',#1728,1.);
#1728 = DIRECTION('',(1.,0.));
#1729 = ( GEOMETRIC_REPRESENTATION_CONTEXT(2) 
PARAMETRIC_REPRESENTATION_CONTEXT() REPRESENTATION_CONTEXT('2D SPACE',''
  ) );
#1730 = ORIENTED_EDGE('',*,*,#1731,.T.);
#1731 = EDGE_CURVE('',#1709,#139,#1732,.T.);
#1732 = SURFACE_CURVE('',#1733,(#1737,#1744),.PCURVE_S1.);
#1733 = LINE('',#1734,#1735);
#1734 = CARTESIAN_POINT('',(-53.,20.,5.));
#1735 = VECTOR('',#1736,1.);
#1736 = DIRECTION('',(1.,0.,-0.));
#1737 = PCURVE('',#179,#1738);
#1738 = DEFINITIONAL_REPRESENTATION('',(#1739),#1743);
#1739 = LINE('',#1740,#1741);
#1740 = CARTESIAN_POINT('',(5.,0.));
#1741 = VECTOR('',#1742,1.);
#1742 = DIRECTION('',(0.,1.));
#1743 = ( GEOMETRIC_REPRESENTATION_CONTEXT(2) 
PARAMETRIC_REPRESENTATION_CONTEXT() REPRESENTATION_CONTEXT('2D SPACE',''
  ) );
#1744 = PCURVE('',#153,#1745);
#1745 = DEFINITIONAL_REPRESENTATION('',(#1746),#1750);
#1746 = LINE('',#1747,#1748);
#1747 = CARTESIAN_POINT('',(0.,40.));
#1748 = VECTOR('',#1749,1.);
#1749 = DIRECTION('',(1.,0.));
#1750 = ( GEOMETRIC_REPRESENTATION_CONTEXT(2) 
PARAMETRIC_REPRESENTATION_CONTEXT() REPRESENTATION_CONTEXT('2D SPACE',''
  ) );
#1751 = ORIENTED_EDGE('',*,*,#164,.F.);
#1752 = ADVANCED_FACE('',(#1753,#1779),#153,.T.);
#1753 = FACE_BOUND('',#1754,.T.);
#1754 = EDGE_LOOP('',(#1755,#1756,#1777,#1778));
#1755 = ORIENTED_EDGE('',*,*,#1731,.F.);
#1756 = ORIENTED_EDGE('',*,*,#1757,.F.);
#1757 = EDGE_CURVE('',#1660,#1709,#1758,.T.);
#1758 = SURFACE_CURVE('',#1759,(#1763,#1770),.PCURVE_S1.);
#1759 = LINE('',#1760,#1761);
#1760 = CARTESIAN_POINT('',(-53.,-20.,5.));
#1761 = VECTOR('',#1762,1.);
#1762 = DIRECTION('',(-0.,1.,0.));
#1763 = PCURVE('',#153,#1764);
#1764 = DEFINITIONAL_REPRESENTATION('',(#1765),#1769);
#1765 = LINE('',#1766,#1767);
#1766 = CARTESIAN_POINT('',(0.,0.));
#1767 = VECTOR('',#1768,1.);
#1768 = DIRECTION('',(0.,1.));
#1769 = ( GEOMETRIC_REPRESENTATION_CONTEXT(2) 
PARAMETRIC_REPRESENTATION_CONTEXT() REPRESENTATION_CONTEXT('2D SPACE',''
  ) );
#1770 = PCURVE('',#1278,#1771);
#1771 = DEFINITIONAL_REPRESENTATION('',(#1772),#1776);
#1772 = LINE('',#1773,#1774);
#1773 = CARTESIAN_POINT('',(5.,0.));
#1774 = VECTOR('',#1775,1.);
#1775 = DIRECTION('',(0.,-1.));
#1776 = ( GEOMETRIC_REPRESENTATION_CONTEXT(2) 
PARAMETRIC_REPRESENTATION_CONTEXT() REPRESENTATION_CONTEXT('2D SPACE',''
  ) );
#1777 = ORIENTED_EDGE('',*,*,#1682,.T.);
#1778 = ORIENTED_EDGE('',*,*,#138,.F.);
#1779 = FACE_BOUND('',#1780,.T.);
#1780 = EDGE_LOOP('',(#1781,#1804,#1825,#1846));
#1781 = ORIENTED_EDGE('',*,*,#1782,.T.);
#1782 = EDGE_CURVE('',#1783,#1785,#1787,.T.);
#1783 = VERTEX_POINT('',#1784);
#1784 = CARTESIAN_POINT('',(-46.,-15.,5.));
#1785 = VERTEX_POINT('',#1786);
#1786 = CARTESIAN_POINT('',(-50.,-15.,5.));
#1787 = SURFACE_CURVE('',#1788,(#1792,#1798),.PCURVE_S1.);
#1788 = LINE('',#1789,#1790);
#1789 = CARTESIAN_POINT('',(-51.5,-15.,5.));
#1790 = VECTOR('',#1791,1.);
#1791 = DIRECTION('',(-1.,-0.,0.));
#1792 = PCURVE('',#153,#1793);
#1793 = DEFINITIONAL_REPRESENTATION('',(#1794),#1797);
#1794 = B_SPLINE_CURVE_WITH_KNOTS('',1,(#1795,#1796),.UNSPECIFIED.,.F.,
  .F.,(2,2),(-5.5,-1.5),.PIECEWISE_BEZIER_KNOTS.);
#1795 = CARTESIAN_POINT('',(7.,5.));
#1796 = CARTESIAN_POINT('',(3.,5.));
#1797 = ( GEOMETRIC_REPRESENTATION_CONTEXT(2) 
PARAMETRIC_REPRESENTATION_CONTEXT() REPRESENTATION_CONTEXT('2D SPACE',''
  ) );
#1798 = PCURVE('',#1447,#1799);
#1799 = DEFINITIONAL_REPRESENTATION('',(#1800),#1803);
#1800 = B_SPLINE_CURVE_WITH_KNOTS('',1,(#1801,#1802),.UNSPECIFIED.,.F.,
  .F.,(2,2),(-5.5,-1.5),.PIECEWISE_BEZIER_KNOTS.);
#1801 = CARTESIAN_POINT('',(6.,4.));
#1802 = CARTESIAN_POINT('',(6.,0.));
#1803 = ( GEOMETRIC_REPRESENTATION_CONTEXT(2) 
PARAMETRIC_REPRESENTATION_CONTEXT() REPRESENTATION_CONTEXT('2D SPACE',''
  ) );
#1804 = ORIENTED_EDGE('',*,*,#1805,.T.);
#1805 = EDGE_CURVE('',#1785,#1806,#1808,.T.);
#1806 = VERTEX_POINT('',#1807);
#1807 = CARTESIAN_POINT('',(-50.,15.,5.));
#1808 = SURFACE_CURVE('',#1809,(#1813,#1819),.PCURVE_S1.);
#1809 = LINE('',#1810,#1811);
#1810 = CARTESIAN_POINT('',(-50.,-17.5,5.));
#1811 = VECTOR('',#1812,1.);
#1812 = DIRECTION('',(-0.,1.,0.));
#1813 = PCURVE('',#153,#1814);
#1814 = DEFINITIONAL_REPRESENTATION('',(#1815),#1818);
#1815 = B_SPLINE_CURVE_WITH_KNOTS('',1,(#1816,#1817),.UNSPECIFIED.,.F.,
  .F.,(2,2),(2.5,32.5),.PIECEWISE_BEZIER_KNOTS.);
#1816 = CARTESIAN_POINT('',(3.,5.));
#1817 = CARTESIAN_POINT('',(3.,35.));
#1818 = ( GEOMETRIC_REPRESENTATION_CONTEXT(2) 
PARAMETRIC_REPRESENTATION_CONTEXT() REPRESENTATION_CONTEXT('2D SPACE',''
  ) );
#1819 = PCURVE('',#1472,#1820);
#1820 = DEFINITIONAL_REPRESENTATION('',(#1821),#1824);
#1821 = B_SPLINE_CURVE_WITH_KNOTS('',1,(#1822,#1823),.UNSPECIFIED.,.F.,
  .F.,(2,2),(2.5,32.5),.PIECEWISE_BEZIER_KNOTS.);
#1822 = CARTESIAN_POINT('',(6.,0.));
#1823 = CARTESIAN_POINT('',(6.,-30.));
#1824 = ( GEOMETRIC_REPRESENTATION_CONTEXT(2) 
PARAMETRIC_REPRESENTATION_CONTEXT() REPRESENTATION_CONTEXT('2D SPACE',''
  ) );
#1825 = ORIENTED_EDGE('',*,*,#1826,.F.);
#1826 = EDGE_CURVE('',#1827,#1806,#1829,.T.);
#1827 = VERTEX_POINT('',#1828);
#1828 = CARTESIAN_POINT('',(-46.,15.,5.));
#1829 = SURFACE_CURVE('',#1830,(#1834,#1840),.PCURVE_S1.);
#1830 = LINE('',#1831,#1832);
#1831 = CARTESIAN_POINT('',(-51.5,15.,5.));
#1832 = VECTOR('',#1833,1.);
#1833 = DIRECTION('',(-1.,-0.,0.));
#1834 = PCURVE('',#153,#1835);
#1835 = DEFINITIONAL_REPRESENTATION('',(#1836),#1839);
#1836 = B_SPLINE_CURVE_WITH_KNOTS('',1,(#1837,#1838),.UNSPECIFIED.,.F.,
  .F.,(2,2),(-5.5,-1.5),.PIECEWISE_BEZIER_KNOTS.);
#1837 = CARTESIAN_POINT('',(7.,35.));
#1838 = CARTESIAN_POINT('',(3.,35.));
#1839 = ( GEOMETRIC_REPRESENTATION_CONTEXT(2) 
PARAMETRIC_REPRESENTATION_CONTEXT() REPRESENTATION_CONTEXT('2D SPACE',''
  ) );
#1840 = PCURVE('',#1393,#1841);
#1841 = DEFINITIONAL_REPRESENTATION('',(#1842),#1845);
#1842 = B_SPLINE_CURVE_WITH_KNOTS('',1,(#1843,#1844),.UNSPECIFIED.,.F.,
  .F.,(2,2),(-5.5,-1.5),.PIECEWISE_BEZIER_KNOTS.);
#1843 = CARTESIAN_POINT('',(6.,4.));
#1844 = CARTESIAN_POINT('',(6.,0.));
#1845 = ( GEOMETRIC_REPRESENTATION_CONTEXT(2) 
PARAMETRIC_REPRESENTATION_CONTEXT() REPRESENTATION_CONTEXT('2D SPACE',''
  ) );
#1846 = ORIENTED_EDGE('',*,*,#1847,.F.);
#1847 = EDGE_CURVE('',#1783,#1827,#1848,.T.);
#1848 = SURFACE_CURVE('',#1849,(#1853,#1859),.PCURVE_S1.);
#1849 = LINE('',#1850,#1851);
#1850 = CARTESIAN_POINT('',(-46.,-17.5,5.));
#1851 = VECTOR('',#1852,1.);
#1852 = DIRECTION('',(-0.,1.,0.));
#1853 = PCURVE('',#153,#1854);
#1854 = DEFINITIONAL_REPRESENTATION('',(#1855),#1858);
#1855 = B_SPLINE_CURVE_WITH_KNOTS('',1,(#1856,#1857),.UNSPECIFIED.,.F.,
  .F.,(2,2),(2.5,32.5),.PIECEWISE_BEZIER_KNOTS.);
#1856 = CARTESIAN_POINT('',(7.,5.));
#1857 = CARTESIAN_POINT('',(7.,35.));
#1858 = ( GEOMETRIC_REPRESENTATION_CONTEXT(2) 
PARAMETRIC_REPRESENTATION_CONTEXT() REPRESENTATION_CONTEXT('2D SPACE',''
  ) );
#1859 = PCURVE('',#1420,#1860);
#1860 = DEFINITIONAL_REPRESENTATION('',(#1861),#1864);
#1861 = B_SPLINE_CURVE_WITH_KNOTS('',1,(#1862,#1863),.UNSPECIFIED.,.F.,
  .F.,(2,2),(2.5,32.5),.PIECEWISE_BEZIER_KNOTS.);
#1862 = CARTESIAN_POINT('',(6.,0.));
#1863 = CARTESIAN_POINT('',(6.,-30.));
#1864 = ( GEOMETRIC_REPRESENTATION_CONTEXT(2) 
PARAMETRIC_REPRESENTATION_CONTEXT() REPRESENTATION_CONTEXT('2D SPACE',''
  ) );
#1865 = ADVANCED_FACE('',(#1866),#258,.T.);
#1866 = FACE_BOUND('',#1867,.T.);
#1867 = EDGE_LOOP('',(#1868,#1891,#1892,#1915));
#1868 = ORIENTED_EDGE('',*,*,#1869,.F.);
#1869 = EDGE_CURVE('',#242,#1870,#1872,.T.);
#1870 = VERTEX_POINT('',#1871);
#1871 = CARTESIAN_POINT('',(-40.5,11.,9.3));
#1872 = SURFACE_CURVE('',#1873,(#1877,#1884),.PCURVE_S1.);
#1873 = LINE('',#1874,#1875);
#1874 = CARTESIAN_POINT('',(-46.75,11.,9.3));
#1875 = VECTOR('',#1876,1.);
#1876 = DIRECTION('',(1.,0.,-0.));
#1877 = PCURVE('',#258,#1878);
#1878 = DEFINITIONAL_REPRESENTATION('',(#1879),#1883);
#1879 = LINE('',#1880,#1881);
#1880 = CARTESIAN_POINT('',(0.,10.));
#1881 = VECTOR('',#1882,1.);
#1882 = DIRECTION('',(1.,0.));
#1883 = ( GEOMETRIC_REPRESENTATION_CONTEXT(2) 
PARAMETRIC_REPRESENTATION_CONTEXT() REPRESENTATION_CONTEXT('2D SPACE',''
  ) );
#1884 = PCURVE('',#334,#1885);
#1885 = DEFINITIONAL_REPRESENTATION('',(#1886),#1890);
#1886 = LINE('',#1887,#1888);
#1887 = CARTESIAN_POINT('',(0.,0.));
#1888 = VECTOR('',#1889,1.);
#1889 = DIRECTION('',(0.,1.));
#1890 = ( GEOMETRIC_REPRESENTATION_CONTEXT(2) 
PARAMETRIC_REPRESENTATION_CONTEXT() REPRESENTATION_CONTEXT('2D SPACE',''
  ) );
#1891 = ORIENTED_EDGE('',*,*,#241,.T.);
#1892 = ORIENTED_EDGE('',*,*,#1893,.T.);
#1893 = EDGE_CURVE('',#244,#1894,#1896,.T.);
#1894 = VERTEX_POINT('',#1895);
#1895 = CARTESIAN_POINT('',(-40.5,1.,9.3));
#1896 = SURFACE_CURVE('',#1897,(#1901,#1908),.PCURVE_S1.);
#1897 = LINE('',#1898,#1899);
#1898 = CARTESIAN_POINT('',(-46.75,1.,9.3));
#1899 = VECTOR('',#1900,1.);
#1900 = DIRECTION('',(1.,0.,-0.));
#1901 = PCURVE('',#258,#1902);
#1902 = DEFINITIONAL_REPRESENTATION('',(#1903),#1907);
#1903 = LINE('',#1904,#1905);
#1904 = CARTESIAN_POINT('',(0.,0.));
#1905 = VECTOR('',#1906,1.);
#1906 = DIRECTION('',(1.,0.));
#1907 = ( GEOMETRIC_REPRESENTATION_CONTEXT(2) 
PARAMETRIC_REPRESENTATION_CONTEXT() REPRESENTATION_CONTEXT('2D SPACE',''
  ) );
#1908 = PCURVE('',#284,#1909);
#1909 = DEFINITIONAL_REPRESENTATION('',(#1910),#1914);
#1910 = LINE('',#1911,#1912);
#1911 = CARTESIAN_POINT('',(0.,0.));
#1912 = VECTOR('',#1913,1.);
#1913 = DIRECTION('',(0.,1.));
#1914 = ( GEOMETRIC_REPRESENTATION_CONTEXT(2) 
PARAMETRIC_REPRESENTATION_CONTEXT() REPRESENTATION_CONTEXT('2D SPACE',''
  ) );
#1915 = ORIENTED_EDGE('',*,*,#1916,.F.);
#1916 = EDGE_CURVE('',#1870,#1894,#1917,.T.);
#1917 = SURFACE_CURVE('',#1918,(#1922,#1928),.PCURVE_S1.);
#1918 = LINE('',#1919,#1920);
#1919 = CARTESIAN_POINT('',(-40.5,-12.75,9.3));
#1920 = VECTOR('',#1921,1.);
#1921 = DIRECTION('',(0.,-1.,0.));
#1922 = PCURVE('',#258,#1923);
#1923 = DEFINITIONAL_REPRESENTATION('',(#1924),#1927);
#1924 = B_SPLINE_CURVE_WITH_KNOTS('',1,(#1925,#1926),.UNSPECIFIED.,.F.,
  .F.,(2,2),(-23.75,-13.75),.PIECEWISE_BEZIER_KNOTS.);
#1925 = CARTESIAN_POINT('',(6.25,10.));
#1926 = CARTESIAN_POINT('',(6.25,0.));
#1927 = ( GEOMETRIC_REPRESENTATION_CONTEXT(2) 
PARAMETRIC_REPRESENTATION_CONTEXT() REPRESENTATION_CONTEXT('2D SPACE',''
  ) );
#1928 = PCURVE('',#624,#1929);
#1929 = DEFINITIONAL_REPRESENTATION('',(#1930),#1933);
#1930 = B_SPLINE_CURVE_WITH_KNOTS('',1,(#1931,#1932),.UNSPECIFIED.,.F.,
  .F.,(2,2),(-23.75,-13.75),.PIECEWISE_BEZIER_KNOTS.);
#1931 = CARTESIAN_POINT('',(7.3,-37.5));
#1932 = CARTESIAN_POINT('',(7.3,-27.5));
#1933 = ( GEOMETRIC_REPRESENTATION_CONTEXT(2) 
PARAMETRIC_REPRESENTATION_CONTEXT() REPRESENTATION_CONTEXT('2D SPACE',''
  ) );
#1934 = ADVANCED_FACE('',(#1935),#334,.F.);
#1935 = FACE_BOUND('',#1936,.F.);
#1936 = EDGE_LOOP('',(#1937,#1938,#1939,#1962));
#1937 = ORIENTED_EDGE('',*,*,#1869,.F.);
#1938 = ORIENTED_EDGE('',*,*,#321,.T.);
#1939 = ORIENTED_EDGE('',*,*,#1940,.T.);
#1940 = EDGE_CURVE('',#296,#1941,#1943,.T.);
#1941 = VERTEX_POINT('',#1942);
#1942 = CARTESIAN_POINT('',(-40.5,11.,13.9));
#1943 = SURFACE_CURVE('',#1944,(#1948,#1955),.PCURVE_S1.);
#1944 = LINE('',#1945,#1946);
#1945 = CARTESIAN_POINT('',(-46.75,11.,13.9));
#1946 = VECTOR('',#1947,1.);
#1947 = DIRECTION('',(1.,0.,-0.));
#1948 = PCURVE('',#334,#1949);
#1949 = DEFINITIONAL_REPRESENTATION('',(#1950),#1954);
#1950 = LINE('',#1951,#1952);
#1951 = CARTESIAN_POINT('',(4.6,0.));
#1952 = VECTOR('',#1953,1.);
#1953 = DIRECTION('',(0.,1.));
#1954 = ( GEOMETRIC_REPRESENTATION_CONTEXT(2) 
PARAMETRIC_REPRESENTATION_CONTEXT() REPRESENTATION_CONTEXT('2D SPACE',''
  ) );
#1955 = PCURVE('',#310,#1956);
#1956 = DEFINITIONAL_REPRESENTATION('',(#1957),#1961);
#1957 = LINE('',#1958,#1959);
#1958 = CARTESIAN_POINT('',(0.,10.));
#1959 = VECTOR('',#1960,1.);
#1960 = DIRECTION('',(1.,0.));
#1961 = ( GEOMETRIC_REPRESENTATION_CONTEXT(2) 
PARAMETRIC_REPRESENTATION_CONTEXT() REPRESENTATION_CONTEXT('2D SPACE',''
  ) );
#1962 = ORIENTED_EDGE('',*,*,#1963,.F.);
#1963 = EDGE_CURVE('',#1870,#1941,#1964,.T.);
#1964 = SURFACE_CURVE('',#1965,(#1969,#1975),.PCURVE_S1.);
#1965 = LINE('',#1966,#1967);
#1966 = CARTESIAN_POINT('',(-40.5,11.,5.65));
#1967 = VECTOR('',#1968,1.);
#1968 = DIRECTION('',(0.,0.,1.));
#1969 = PCURVE('',#334,#1970);
#1970 = DEFINITIONAL_REPRESENTATION('',(#1971),#1974);
#1971 = B_SPLINE_CURVE_WITH_KNOTS('',1,(#1972,#1973),.UNSPECIFIED.,.F.,
  .F.,(2,2),(3.65,8.25),.PIECEWISE_BEZIER_KNOTS.);
#1972 = CARTESIAN_POINT('',(0.,6.25));
#1973 = CARTESIAN_POINT('',(4.6,6.25));
#1974 = ( GEOMETRIC_REPRESENTATION_CONTEXT(2) 
PARAMETRIC_REPRESENTATION_CONTEXT() REPRESENTATION_CONTEXT('2D SPACE',''
  ) );
#1975 = PCURVE('',#624,#1976);
#1976 = DEFINITIONAL_REPRESENTATION('',(#1977),#1980);
#1977 = B_SPLINE_CURVE_WITH_KNOTS('',1,(#1978,#1979),.UNSPECIFIED.,.F.,
  .F.,(2,2),(3.65,8.25),.PIECEWISE_BEZIER_KNOTS.);
#1978 = CARTESIAN_POINT('',(7.3,-37.5));
#1979 = CARTESIAN_POINT('',(11.9,-37.5));
#1980 = ( GEOMETRIC_REPRESENTATION_CONTEXT(2) 
PARAMETRIC_REPRESENTATION_CONTEXT() REPRESENTATION_CONTEXT('2D SPACE',''
  ) );
#1981 = ADVANCED_FACE('',(#1982),#284,.T.);
#1982 = FACE_BOUND('',#1983,.T.);
#1983 = EDGE_LOOP('',(#1984,#1985,#1986,#2009));
#1984 = ORIENTED_EDGE('',*,*,#1893,.F.);
#1985 = ORIENTED_EDGE('',*,*,#269,.T.);
#1986 = ORIENTED_EDGE('',*,*,#1987,.T.);
#1987 = EDGE_CURVE('',#270,#1988,#1990,.T.);
#1988 = VERTEX_POINT('',#1989);
#1989 = CARTESIAN_POINT('',(-40.5,1.,13.9));
#1990 = SURFACE_CURVE('',#1991,(#1995,#2002),.PCURVE_S1.);
#1991 = LINE('',#1992,#1993);
#1992 = CARTESIAN_POINT('',(-46.75,1.,13.9));
#1993 = VECTOR('',#1994,1.);
#1994 = DIRECTION('',(1.,0.,-0.));
#1995 = PCURVE('',#284,#1996);
#1996 = DEFINITIONAL_REPRESENTATION('',(#1997),#2001);
#1997 = LINE('',#1998,#1999);
#1998 = CARTESIAN_POINT('',(4.6,0.));
#1999 = VECTOR('',#2000,1.);
#2000 = DIRECTION('',(0.,1.));
#2001 = ( GEOMETRIC_REPRESENTATION_CONTEXT(2) 
PARAMETRIC_REPRESENTATION_CONTEXT() REPRESENTATION_CONTEXT('2D SPACE',''
  ) );
#2002 = PCURVE('',#310,#2003);
#2003 = DEFINITIONAL_REPRESENTATION('',(#2004),#2008);
#2004 = LINE('',#2005,#2006);
#2005 = CARTESIAN_POINT('',(0.,0.));
#2006 = VECTOR('',#2007,1.);
#2007 = DIRECTION('',(1.,0.));
#2008 = ( GEOMETRIC_REPRESENTATION_CONTEXT(2) 
PARAMETRIC_REPRESENTATION_CONTEXT() REPRESENTATION_CONTEXT('2D SPACE',''
  ) );
#2009 = ORIENTED_EDGE('',*,*,#2010,.F.);
#2010 = EDGE_CURVE('',#1894,#1988,#2011,.T.);
#2011 = SURFACE_CURVE('',#2012,(#2016,#2022),.PCURVE_S1.);
#2012 = LINE('',#2013,#2014);
#2013 = CARTESIAN_POINT('',(-40.5,1.,5.65));
#2014 = VECTOR('',#2015,1.);
#2015 = DIRECTION('',(0.,0.,1.));
#2016 = PCURVE('',#284,#2017);
#2017 = DEFINITIONAL_REPRESENTATION('',(#2018),#2021);
#2018 = B_SPLINE_CURVE_WITH_KNOTS('',1,(#2019,#2020),.UNSPECIFIED.,.F.,
  .F.,(2,2),(3.65,8.25),.PIECEWISE_BEZIER_KNOTS.);
#2019 = CARTESIAN_POINT('',(0.,6.25));
#2020 = CARTESIAN_POINT('',(4.6,6.25));
#2021 = ( GEOMETRIC_REPRESENTATION_CONTEXT(2) 
PARAMETRIC_REPRESENTATION_CONTEXT() REPRESENTATION_CONTEXT('2D SPACE',''
  ) );
#2022 = PCURVE('',#624,#2023);
#2023 = DEFINITIONAL_REPRESENTATION('',(#2024),#2027);
#2024 = B_SPLINE_CURVE_WITH_KNOTS('',1,(#2025,#2026),.UNSPECIFIED.,.F.,
  .F.,(2,2),(3.65,8.25),.PIECEWISE_BEZIER_KNOTS.);
#2025 = CARTESIAN_POINT('',(7.3,-27.5));
#2026 = CARTESIAN_POINT('',(11.9,-27.5));
#2027 = ( GEOMETRIC_REPRESENTATION_CONTEXT(2) 
PARAMETRIC_REPRESENTATION_CONTEXT() REPRESENTATION_CONTEXT('2D SPACE',''
  ) );
#2028 = ADVANCED_FACE('',(#2029),#310,.F.);
#2029 = FACE_BOUND('',#2030,.F.);
#2030 = EDGE_LOOP('',(#2031,#2032,#2033,#2034));
#2031 = ORIENTED_EDGE('',*,*,#1940,.F.);
#2032 = ORIENTED_EDGE('',*,*,#295,.T.);
#2033 = ORIENTED_EDGE('',*,*,#1987,.T.);
#2034 = ORIENTED_EDGE('',*,*,#2035,.F.);
#2035 = EDGE_CURVE('',#1941,#1988,#2036,.T.);
#2036 = SURFACE_CURVE('',#2037,(#2041,#2047),.PCURVE_S1.);
#2037 = LINE('',#2038,#2039);
#2038 = CARTESIAN_POINT('',(-40.5,-12.75,13.9));
#2039 = VECTOR('',#2040,1.);
#2040 = DIRECTION('',(0.,-1.,0.));
#2041 = PCURVE('',#310,#2042);
#2042 = DEFINITIONAL_REPRESENTATION('',(#2043),#2046);
#2043 = B_SPLINE_CURVE_WITH_KNOTS('',1,(#2044,#2045),.UNSPECIFIED.,.F.,
  .F.,(2,2),(-23.75,-13.75),.PIECEWISE_BEZIER_KNOTS.);
#2044 = CARTESIAN_POINT('',(6.25,10.));
#2045 = CARTESIAN_POINT('',(6.25,0.));
#2046 = ( GEOMETRIC_REPRESENTATION_CONTEXT(2) 
PARAMETRIC_REPRESENTATION_CONTEXT() REPRESENTATION_CONTEXT('2D SPACE',''
  ) );
#2047 = PCURVE('',#624,#2048);
#2048 = DEFINITIONAL_REPRESENTATION('',(#2049),#2052);
#2049 = B_SPLINE_CURVE_WITH_KNOTS('',1,(#2050,#2051),.UNSPECIFIED.,.F.,
  .F.,(2,2),(-23.75,-13.75),.PIECEWISE_BEZIER_KNOTS.);
#2050 = CARTESIAN_POINT('',(11.9,-37.5));
#2051 = CARTESIAN_POINT('',(11.9,-27.5));
#2052 = ( GEOMETRIC_REPRESENTATION_CONTEXT(2) 
PARAMETRIC_REPRESENTATION_CONTEXT() REPRESENTATION_CONTEXT('2D SPACE',''
  ) );
#2053 = ADVANCED_FACE('',(#2054),#364,.F.);
#2054 = FACE_BOUND('',#2055,.F.);
#2055 = EDGE_LOOP('',(#2056,#2080,#2101,#2102));
#2056 = ORIENTED_EDGE('',*,*,#2057,.F.);
#2057 = EDGE_CURVE('',#2058,#2058,#2060,.T.);
#2058 = VERTEX_POINT('',#2059);
#2059 = CARTESIAN_POINT('',(-40.5,-8.,9.75));
#2060 = SURFACE_CURVE('',#2061,(#2066,#2073),.PCURVE_S1.);
#2061 = CIRCLE('',#2062,2.);
#2062 = AXIS2_PLACEMENT_3D('',#2063,#2064,#2065);
#2063 = CARTESIAN_POINT('',(-40.5,-8.,11.75));
#2064 = DIRECTION('',(1.,0.,2.22044604925E-16));
#2065 = DIRECTION('',(2.22044604925E-16,0.,-1.));
#2066 = PCURVE('',#364,#2067);
#2067 = DEFINITIONAL_REPRESENTATION('',(#2068),#2072);
#2068 = LINE('',#2069,#2070);
#2069 = CARTESIAN_POINT('',(0.,6.25));
#2070 = VECTOR('',#2071,1.);
#2071 = DIRECTION('',(1.,0.));
#2072 = ( GEOMETRIC_REPRESENTATION_CONTEXT(2) 
PARAMETRIC_REPRESENTATION_CONTEXT() REPRESENTATION_CONTEXT('2D SPACE',''
  ) );
#2073 = PCURVE('',#624,#2074);
#2074 = DEFINITIONAL_REPRESENTATION('',(#2075),#2079);
#2075 = CIRCLE('',#2076,2.);
#2076 = AXIS2_PLACEMENT_2D('',#2077,#2078);
#2077 = CARTESIAN_POINT('',(9.75,-18.5));
#2078 = DIRECTION('',(-1.,0.));
#2079 = ( GEOMETRIC_REPRESENTATION_CONTEXT(2) 
PARAMETRIC_REPRESENTATION_CONTEXT() REPRESENTATION_CONTEXT('2D SPACE',''
  ) );
#2080 = ORIENTED_EDGE('',*,*,#2081,.F.);
#2081 = EDGE_CURVE('',#348,#2058,#2082,.T.);
#2082 = SEAM_CURVE('',#2083,(#2087,#2094),.PCURVE_S1.);
#2083 = LINE('',#2084,#2085);
#2084 = CARTESIAN_POINT('',(-46.75,-8.,9.75));
#2085 = VECTOR('',#2086,1.);
#2086 = DIRECTION('',(1.,0.,2.22044604925E-16));
#2087 = PCURVE('',#364,#2088);
#2088 = DEFINITIONAL_REPRESENTATION('',(#2089),#2093);
#2089 = LINE('',#2090,#2091);
#2090 = CARTESIAN_POINT('',(6.28318530718,-0.));
#2091 = VECTOR('',#2092,1.);
#2092 = DIRECTION('',(0.,1.));
#2093 = ( GEOMETRIC_REPRESENTATION_CONTEXT(2) 
PARAMETRIC_REPRESENTATION_CONTEXT() REPRESENTATION_CONTEXT('2D SPACE',''
  ) );
#2094 = PCURVE('',#364,#2095);
#2095 = DEFINITIONAL_REPRESENTATION('',(#2096),#2100);
#2096 = LINE('',#2097,#2098);
#2097 = CARTESIAN_POINT('',(0.,-0.));
#2098 = VECTOR('',#2099,1.);
#2099 = DIRECTION('',(0.,1.));
#2100 = ( GEOMETRIC_REPRESENTATION_CONTEXT(2) 
PARAMETRIC_REPRESENTATION_CONTEXT() REPRESENTATION_CONTEXT('2D SPACE',''
  ) );
#2101 = ORIENTED_EDGE('',*,*,#347,.T.);
#2102 = ORIENTED_EDGE('',*,*,#2081,.T.);
#2103 = ADVANCED_FACE('',(#2104),#420,.F.);
#2104 = FACE_BOUND('',#2105,.F.);
#2105 = EDGE_LOOP('',(#2106,#2107,#2108,#2109));
#2106 = ORIENTED_EDGE('',*,*,#1011,.F.);
#2107 = ORIENTED_EDGE('',*,*,#929,.T.);
#2108 = ORIENTED_EDGE('',*,*,#404,.T.);
#2109 = ORIENTED_EDGE('',*,*,#2110,.F.);
#2110 = EDGE_CURVE('',#1012,#405,#2111,.T.);
#2111 = SURFACE_CURVE('',#2112,(#2116,#2123),.PCURVE_S1.);
#2112 = LINE('',#2113,#2114);
#2113 = CARTESIAN_POINT('',(37.,-29.,0.));
#2114 = VECTOR('',#2115,1.);
#2115 = DIRECTION('',(0.,0.,1.));
#2116 = PCURVE('',#420,#2117);
#2117 = DEFINITIONAL_REPRESENTATION('',(#2118),#2122);
#2118 = LINE('',#2119,#2120);
#2119 = CARTESIAN_POINT('',(0.,80.));
#2120 = VECTOR('',#2121,1.);
#2121 = DIRECTION('',(1.,0.));
#2122 = ( GEOMETRIC_REPRESENTATION_CONTEXT(2) 
PARAMETRIC_REPRESENTATION_CONTEXT() REPRESENTATION_CONTEXT('2D SPACE',''
  ) );
#2123 = PCURVE('',#453,#2124);
#2124 = DEFINITIONAL_REPRESENTATION('',(#2125),#2129);
#2125 = LINE('',#2126,#2127);
#2126 = CARTESIAN_POINT('',(-1.570796326795,0.));
#2127 = VECTOR('',#2128,1.);
#2128 = DIRECTION('',(-0.,1.));
#2129 = ( GEOMETRIC_REPRESENTATION_CONTEXT(2) 
PARAMETRIC_REPRESENTATION_CONTEXT() REPRESENTATION_CONTEXT('2D SPACE',''
  ) );
#2130 = ADVANCED_FACE('',(#2131),#538,.T.);
#2131 = FACE_BOUND('',#2132,.T.);
#2132 = EDGE_LOOP('',(#2133,#2134,#2135,#2136));
#2133 = ORIENTED_EDGE('',*,*,#1216,.F.);
#2134 = ORIENTED_EDGE('',*,*,#983,.T.);
#2135 = ORIENTED_EDGE('',*,*,#522,.T.);
#2136 = ORIENTED_EDGE('',*,*,#2137,.F.);
#2137 = EDGE_CURVE('',#1193,#494,#2138,.T.);
#2138 = SURFACE_CURVE('',#2139,(#2143,#2150),.PCURVE_S1.);
#2139 = LINE('',#2140,#2141);
#2140 = CARTESIAN_POINT('',(37.,29.,0.));
#2141 = VECTOR('',#2142,1.);
#2142 = DIRECTION('',(0.,0.,1.));
#2143 = PCURVE('',#538,#2144);
#2144 = DEFINITIONAL_REPRESENTATION('',(#2145),#2149);
#2145 = LINE('',#2146,#2147);
#2146 = CARTESIAN_POINT('',(0.,80.));
#2147 = VECTOR('',#2148,1.);
#2148 = DIRECTION('',(1.,0.));
#2149 = ( GEOMETRIC_REPRESENTATION_CONTEXT(2) 
PARAMETRIC_REPRESENTATION_CONTEXT() REPRESENTATION_CONTEXT('2D SPACE',''
  ) );
#2150 = PCURVE('',#510,#2151);
#2151 = DEFINITIONAL_REPRESENTATION('',(#2152),#2156);
#2152 = LINE('',#2153,#2154);
#2153 = CARTESIAN_POINT('',(1.570796326795,0.));
#2154 = VECTOR('',#2155,1.);
#2155 = DIRECTION('',(0.,1.));
#2156 = ( GEOMETRIC_REPRESENTATION_CONTEXT(2) 
PARAMETRIC_REPRESENTATION_CONTEXT() REPRESENTATION_CONTEXT('2D SPACE',''
  ) );
#2157 = ADVANCED_FACE('',(#2158),#453,.T.);
#2158 = FACE_BOUND('',#2159,.F.);
#2159 = EDGE_LOOP('',(#2160,#2161,#2162,#2163));
#2160 = ORIENTED_EDGE('',*,*,#1034,.T.);
#2161 = ORIENTED_EDGE('',*,*,#2110,.T.);
#2162 = ORIENTED_EDGE('',*,*,#432,.F.);
#2163 = ORIENTED_EDGE('',*,*,#2164,.F.);
#2164 = EDGE_CURVE('',#1035,#433,#2165,.T.);
#2165 = SURFACE_CURVE('',#2166,(#2170,#2177),.PCURVE_S1.);
#2166 = LINE('',#2167,#2168);
#2167 = CARTESIAN_POINT('',(43.,-23.,0.));
#2168 = VECTOR('',#2169,1.);
#2169 = DIRECTION('',(0.,0.,1.));
#2170 = PCURVE('',#453,#2171);
#2171 = DEFINITIONAL_REPRESENTATION('',(#2172),#2176);
#2172 = LINE('',#2173,#2174);
#2173 = CARTESIAN_POINT('',(-0.,0.));
#2174 = VECTOR('',#2175,1.);
#2175 = DIRECTION('',(-0.,1.));
#2176 = ( GEOMETRIC_REPRESENTATION_CONTEXT(2) 
PARAMETRIC_REPRESENTATION_CONTEXT() REPRESENTATION_CONTEXT('2D SPACE',''
  ) );
#2177 = PCURVE('',#481,#2178);
#2178 = DEFINITIONAL_REPRESENTATION('',(#2179),#2183);
#2179 = LINE('',#2180,#2181);
#2180 = CARTESIAN_POINT('',(0.,-6.));
#2181 = VECTOR('',#2182,1.);
#2182 = DIRECTION('',(1.,0.));
#2183 = ( GEOMETRIC_REPRESENTATION_CONTEXT(2) 
PARAMETRIC_REPRESENTATION_CONTEXT() REPRESENTATION_CONTEXT('2D SPACE',''
  ) );
#2184 = ADVANCED_FACE('',(#2185),#510,.T.);
#2185 = FACE_BOUND('',#2186,.T.);
#2186 = EDGE_LOOP('',(#2187,#2188,#2189,#2190));
#2187 = ORIENTED_EDGE('',*,*,#1192,.T.);
#2188 = ORIENTED_EDGE('',*,*,#2137,.T.);
#2189 = ORIENTED_EDGE('',*,*,#493,.F.);
#2190 = ORIENTED_EDGE('',*,*,#2191,.F.);
#2191 = EDGE_CURVE('',#1170,#466,#2192,.T.);
#2192 = SURFACE_CURVE('',#2193,(#2197,#2204),.PCURVE_S1.);
#2193 = LINE('',#2194,#2195);
#2194 = CARTESIAN_POINT('',(43.,23.,0.));
#2195 = VECTOR('',#2196,1.);
#2196 = DIRECTION('',(0.,0.,1.));
#2197 = PCURVE('',#510,#2198);
#2198 = DEFINITIONAL_REPRESENTATION('',(#2199),#2203);
#2199 = LINE('',#2200,#2201);
#2200 = CARTESIAN_POINT('',(0.,0.));
#2201 = VECTOR('',#2202,1.);
#2202 = DIRECTION('',(0.,1.));
#2203 = ( GEOMETRIC_REPRESENTATION_CONTEXT(2) 
PARAMETRIC_REPRESENTATION_CONTEXT() REPRESENTATION_CONTEXT('2D SPACE',''
  ) );
#2204 = PCURVE('',#481,#2205);
#2205 = DEFINITIONAL_REPRESENTATION('',(#2206),#2210);
#2206 = LINE('',#2207,#2208);
#2207 = CARTESIAN_POINT('',(0.,-52.));
#2208 = VECTOR('',#2209,1.);
#2209 = DIRECTION('',(1.,0.));
#2210 = ( GEOMETRIC_REPRESENTATION_CONTEXT(2) 
PARAMETRIC_REPRESENTATION_CONTEXT() REPRESENTATION_CONTEXT('2D SPACE',''
  ) );
#2211 = ADVANCED_FACE('',(#2212),#481,.T.);
#2212 = FACE_BOUND('',#2213,.T.);
#2213 = EDGE_LOOP('',(#2214,#2215,#2216,#2217,#2238,#2264,#2283,#2284));
#2214 = ORIENTED_EDGE('',*,*,#465,.F.);
#2215 = ORIENTED_EDGE('',*,*,#2164,.F.);
#2216 = ORIENTED_EDGE('',*,*,#1062,.T.);
#2217 = ORIENTED_EDGE('',*,*,#2218,.T.);
#2218 = EDGE_CURVE('',#1063,#2219,#2221,.T.);
#2219 = VERTEX_POINT('',#2220);
#2220 = CARTESIAN_POINT('',(43.,-20.,5.));
#2221 = SURFACE_CURVE('',#2222,(#2226,#2232),.PCURVE_S1.);
#2222 = LINE('',#2223,#2224);
#2223 = CARTESIAN_POINT('',(43.,-20.,0.));
#2224 = VECTOR('',#2225,1.);
#2225 = DIRECTION('',(0.,0.,1.));
#2226 = PCURVE('',#481,#2227);
#2227 = DEFINITIONAL_REPRESENTATION('',(#2228),#2231);
#2228 = B_SPLINE_CURVE_WITH_KNOTS('',1,(#2229,#2230),.UNSPECIFIED.,.F.,
  .F.,(2,2),(0.,5.),.PIECEWISE_BEZIER_KNOTS.);
#2229 = CARTESIAN_POINT('',(0.,-9.));
#2230 = CARTESIAN_POINT('',(5.,-9.));
#2231 = ( GEOMETRIC_REPRESENTATION_CONTEXT(2) 
PARAMETRIC_REPRESENTATION_CONTEXT() REPRESENTATION_CONTEXT('2D SPACE',''
  ) );
#2232 = PCURVE('',#1101,#2233);
#2233 = DEFINITIONAL_REPRESENTATION('',(#2234),#2237);
#2234 = B_SPLINE_CURVE_WITH_KNOTS('',1,(#2235,#2236),.UNSPECIFIED.,.F.,
  .F.,(2,2),(0.,5.),.PIECEWISE_BEZIER_KNOTS.);
#2235 = CARTESIAN_POINT('',(0.,2.));
#2236 = CARTESIAN_POINT('',(5.,2.));
#2237 = ( GEOMETRIC_REPRESENTATION_CONTEXT(2) 
PARAMETRIC_REPRESENTATION_CONTEXT() REPRESENTATION_CONTEXT('2D SPACE',''
  ) );
#2238 = ORIENTED_EDGE('',*,*,#2239,.F.);
#2239 = EDGE_CURVE('',#2240,#2219,#2242,.T.);
#2240 = VERTEX_POINT('',#2241);
#2241 = CARTESIAN_POINT('',(43.,20.,5.));
#2242 = SURFACE_CURVE('',#2243,(#2247,#2253),.PCURVE_S1.);
#2243 = LINE('',#2244,#2245);
#2244 = CARTESIAN_POINT('',(43.,-24.5,5.));
#2245 = VECTOR('',#2246,1.);
#2246 = DIRECTION('',(0.,-1.,0.));
#2247 = PCURVE('',#481,#2248);
#2248 = DEFINITIONAL_REPRESENTATION('',(#2249),#2252);
#2249 = B_SPLINE_CURVE_WITH_KNOTS('',1,(#2250,#2251),.UNSPECIFIED.,.F.,
  .F.,(2,2),(-44.5,-4.5),.PIECEWISE_BEZIER_KNOTS.);
#2250 = CARTESIAN_POINT('',(5.,-49.));
#2251 = CARTESIAN_POINT('',(5.,-9.));
#2252 = ( GEOMETRIC_REPRESENTATION_CONTEXT(2) 
PARAMETRIC_REPRESENTATION_CONTEXT() REPRESENTATION_CONTEXT('2D SPACE',''
  ) );
#2253 = PCURVE('',#2254,#2259);
#2254 = PLANE('',#2255);
#2255 = AXIS2_PLACEMENT_3D('',#2256,#2257,#2258);
#2256 = CARTESIAN_POINT('',(41.,-20.,5.));
#2257 = DIRECTION('',(0.,0.,1.));
#2258 = DIRECTION('',(1.,0.,-0.));
#2259 = DEFINITIONAL_REPRESENTATION('',(#2260),#2263);
#2260 = B_SPLINE_CURVE_WITH_KNOTS('',1,(#2261,#2262),.UNSPECIFIED.,.F.,
  .F.,(2,2),(-44.5,-4.5),.PIECEWISE_BEZIER_KNOTS.);
#2261 = CARTESIAN_POINT('',(2.,40.));
#2262 = CARTESIAN_POINT('',(2.,0.));
#2263 = ( GEOMETRIC_REPRESENTATION_CONTEXT(2) 
PARAMETRIC_REPRESENTATION_CONTEXT() REPRESENTATION_CONTEXT('2D SPACE',''
  ) );
#2264 = ORIENTED_EDGE('',*,*,#2265,.F.);
#2265 = EDGE_CURVE('',#1142,#2240,#2266,.T.);
#2266 = SURFACE_CURVE('',#2267,(#2271,#2277),.PCURVE_S1.);
#2267 = LINE('',#2268,#2269);
#2268 = CARTESIAN_POINT('',(43.,20.,0.));
#2269 = VECTOR('',#2270,1.);
#2270 = DIRECTION('',(0.,0.,1.));
#2271 = PCURVE('',#481,#2272);
#2272 = DEFINITIONAL_REPRESENTATION('',(#2273),#2276);
#2273 = B_SPLINE_CURVE_WITH_KNOTS('',1,(#2274,#2275),.UNSPECIFIED.,.F.,
  .F.,(2,2),(0.,5.),.PIECEWISE_BEZIER_KNOTS.);
#2274 = CARTESIAN_POINT('',(0.,-49.));
#2275 = CARTESIAN_POINT('',(5.,-49.));
#2276 = ( GEOMETRIC_REPRESENTATION_CONTEXT(2) 
PARAMETRIC_REPRESENTATION_CONTEXT() REPRESENTATION_CONTEXT('2D SPACE',''
  ) );
#2277 = PCURVE('',#1157,#2278);
#2278 = DEFINITIONAL_REPRESENTATION('',(#2279),#2282);
#2279 = B_SPLINE_CURVE_WITH_KNOTS('',1,(#2280,#2281),.UNSPECIFIED.,.F.,
  .F.,(2,2),(0.,5.),.PIECEWISE_BEZIER_KNOTS.);
#2280 = CARTESIAN_POINT('',(0.,2.));
#2281 = CARTESIAN_POINT('',(5.,2.));
#2282 = ( GEOMETRIC_REPRESENTATION_CONTEXT(2) 
PARAMETRIC_REPRESENTATION_CONTEXT() REPRESENTATION_CONTEXT('2D SPACE',''
  ) );
#2283 = ORIENTED_EDGE('',*,*,#1169,.T.);
#2284 = ORIENTED_EDGE('',*,*,#2191,.T.);
#2285 = ADVANCED_FACE('',(#2286),#597,.F.);
#2286 = FACE_BOUND('',#2287,.F.);
#2287 = EDGE_LOOP('',(#2288,#2311,#2340,#2361));
#2288 = ORIENTED_EDGE('',*,*,#2289,.F.);
#2289 = EDGE_CURVE('',#2290,#579,#2292,.T.);
#2290 = VERTEX_POINT('',#2291);
#2291 = CARTESIAN_POINT('',(-40.5,-23.,2.));
#2292 = SURFACE_CURVE('',#2293,(#2297,#2304),.PCURVE_S1.);
#2293 = LINE('',#2294,#2295);
#2294 = CARTESIAN_POINT('',(-40.5,-23.,2.));
#2295 = VECTOR('',#2296,1.);
#2296 = DIRECTION('',(0.,0.,1.));
#2297 = PCURVE('',#597,#2298);
#2298 = DEFINITIONAL_REPRESENTATION('',(#2299),#2303);
#2299 = LINE('',#2300,#2301);
#2300 = CARTESIAN_POINT('',(0.,0.));
#2301 = VECTOR('',#2302,1.);
#2302 = DIRECTION('',(0.,1.));
#2303 = ( GEOMETRIC_REPRESENTATION_CONTEXT(2) 
PARAMETRIC_REPRESENTATION_CONTEXT() REPRESENTATION_CONTEXT('2D SPACE',''
  ) );
#2304 = PCURVE('',#624,#2305);
#2305 = DEFINITIONAL_REPRESENTATION('',(#2306),#2310);
#2306 = LINE('',#2307,#2308);
#2307 = CARTESIAN_POINT('',(0.,-3.5));
#2308 = VECTOR('',#2309,1.);
#2309 = DIRECTION('',(1.,0.));
#2310 = ( GEOMETRIC_REPRESENTATION_CONTEXT(2) 
PARAMETRIC_REPRESENTATION_CONTEXT() REPRESENTATION_CONTEXT('2D SPACE',''
  ) );
#2311 = ORIENTED_EDGE('',*,*,#2312,.T.);
#2312 = EDGE_CURVE('',#2290,#2313,#2315,.T.);
#2313 = VERTEX_POINT('',#2314);
#2314 = CARTESIAN_POINT('',(-37.,-26.5,2.));
#2315 = SURFACE_CURVE('',#2316,(#2321,#2328),.PCURVE_S1.);
#2316 = CIRCLE('',#2317,3.5);
#2317 = AXIS2_PLACEMENT_3D('',#2318,#2319,#2320);
#2318 = CARTESIAN_POINT('',(-37.,-23.,2.));
#2319 = DIRECTION('',(0.,0.,1.));
#2320 = DIRECTION('',(0.,-1.,0.));
#2321 = PCURVE('',#597,#2322);
#2322 = DEFINITIONAL_REPRESENTATION('',(#2323),#2327);
#2323 = LINE('',#2324,#2325);
#2324 = CARTESIAN_POINT('',(-4.712388980385,0.));
#2325 = VECTOR('',#2326,1.);
#2326 = DIRECTION('',(1.,0.));
#2327 = ( GEOMETRIC_REPRESENTATION_CONTEXT(2) 
PARAMETRIC_REPRESENTATION_CONTEXT() REPRESENTATION_CONTEXT('2D SPACE',''
  ) );
#2328 = PCURVE('',#2329,#2334);
#2329 = PLANE('',#2330);
#2330 = AXIS2_PLACEMENT_3D('',#2331,#2332,#2333);
#2331 = CARTESIAN_POINT('',(-40.5,-26.5,2.));
#2332 = DIRECTION('',(0.,0.,1.));
#2333 = DIRECTION('',(1.,0.,-0.));
#2334 = DEFINITIONAL_REPRESENTATION('',(#2335),#2339);
#2335 = CIRCLE('',#2336,3.5);
#2336 = AXIS2_PLACEMENT_2D('',#2337,#2338);
#2337 = CARTESIAN_POINT('',(3.5,3.5));
#2338 = DIRECTION('',(0.,-1.));
#2339 = ( GEOMETRIC_REPRESENTATION_CONTEXT(2) 
PARAMETRIC_REPRESENTATION_CONTEXT() REPRESENTATION_CONTEXT('2D SPACE',''
  ) );
#2340 = ORIENTED_EDGE('',*,*,#2341,.T.);
#2341 = EDGE_CURVE('',#2313,#581,#2342,.T.);
#2342 = SURFACE_CURVE('',#2343,(#2347,#2354),.PCURVE_S1.);
#2343 = LINE('',#2344,#2345);
#2344 = CARTESIAN_POINT('',(-37.,-26.5,2.));
#2345 = VECTOR('',#2346,1.);
#2346 = DIRECTION('',(0.,0.,1.));
#2347 = PCURVE('',#597,#2348);
#2348 = DEFINITIONAL_REPRESENTATION('',(#2349),#2353);
#2349 = LINE('',#2350,#2351);
#2350 = CARTESIAN_POINT('',(1.570796326795,0.));
#2351 = VECTOR('',#2352,1.);
#2352 = DIRECTION('',(0.,1.));
#2353 = ( GEOMETRIC_REPRESENTATION_CONTEXT(2) 
PARAMETRIC_REPRESENTATION_CONTEXT() REPRESENTATION_CONTEXT('2D SPACE',''
  ) );
#2354 = PCURVE('',#891,#2355);
#2355 = DEFINITIONAL_REPRESENTATION('',(#2356),#2360);
#2356 = LINE('',#2357,#2358);
#2357 = CARTESIAN_POINT('',(0.,3.5));
#2358 = VECTOR('',#2359,1.);
#2359 = DIRECTION('',(1.,0.));
#2360 = ( GEOMETRIC_REPRESENTATION_CONTEXT(2) 
PARAMETRIC_REPRESENTATION_CONTEXT() REPRESENTATION_CONTEXT('2D SPACE',''
  ) );
#2361 = ORIENTED_EDGE('',*,*,#578,.F.);
#2362 = ADVANCED_FACE('',(#2363),#841,.T.);
#2363 = FACE_BOUND('',#2364,.T.);
#2364 = EDGE_LOOP('',(#2365,#2390,#2409,#2410));
#2365 = ORIENTED_EDGE('',*,*,#2366,.F.);
#2366 = EDGE_CURVE('',#2367,#2369,#2371,.T.);
#2367 = VERTEX_POINT('',#2368);
#2368 = CARTESIAN_POINT('',(36.50000001916,-26.5,2.));
#2369 = VERTEX_POINT('',#2370);
#2370 = CARTESIAN_POINT('',(37.,-26.5,2.));
#2371 = SURFACE_CURVE('',#2372,(#2376,#2383),.PCURVE_S1.);
#2372 = LINE('',#2373,#2374);
#2373 = CARTESIAN_POINT('',(-40.5,-26.5,2.));
#2374 = VECTOR('',#2375,1.);
#2375 = DIRECTION('',(1.,0.,-0.));
#2376 = PCURVE('',#841,#2377);
#2377 = DEFINITIONAL_REPRESENTATION('',(#2378),#2382);
#2378 = LINE('',#2379,#2380);
#2379 = CARTESIAN_POINT('',(0.,0.));
#2380 = VECTOR('',#2381,1.);
#2381 = DIRECTION('',(0.,1.));
#2382 = ( GEOMETRIC_REPRESENTATION_CONTEXT(2) 
PARAMETRIC_REPRESENTATION_CONTEXT() REPRESENTATION_CONTEXT('2D SPACE',''
  ) );
#2383 = PCURVE('',#2329,#2384);
#2384 = DEFINITIONAL_REPRESENTATION('',(#2385),#2389);
#2385 = LINE('',#2386,#2387);
#2386 = CARTESIAN_POINT('',(0.,0.));
#2387 = VECTOR('',#2388,1.);
#2388 = DIRECTION('',(1.,0.));
#2389 = ( GEOMETRIC_REPRESENTATION_CONTEXT(2) 
PARAMETRIC_REPRESENTATION_CONTEXT() REPRESENTATION_CONTEXT('2D SPACE',''
  ) );
#2390 = ORIENTED_EDGE('',*,*,#2391,.T.);
#2391 = EDGE_CURVE('',#2367,#827,#2392,.T.);
#2392 = SURFACE_CURVE('',#2393,(#2397,#2403),.PCURVE_S1.);
#2393 = LINE('',#2394,#2395);
#2394 = CARTESIAN_POINT('',(36.5,-26.5,2.));
#2395 = VECTOR('',#2396,1.);
#2396 = DIRECTION('',(0.,0.,1.));
#2397 = PCURVE('',#841,#2398);
#2398 = DEFINITIONAL_REPRESENTATION('',(#2399),#2402);
#2399 = B_SPLINE_CURVE_WITH_KNOTS('',1,(#2400,#2401),.UNSPECIFIED.,.F.,
  .F.,(2,2),(-2.400000000069E-06,13.0000024),.PIECEWISE_BEZIER_KNOTS.);
#2400 = CARTESIAN_POINT('',(-2.400000000069E-06,77.));
#2401 = CARTESIAN_POINT('',(13.0000024,77.));
#2402 = ( GEOMETRIC_REPRESENTATION_CONTEXT(2) 
PARAMETRIC_REPRESENTATION_CONTEXT() REPRESENTATION_CONTEXT('2D SPACE',''
  ) );
#2403 = PCURVE('',#867,#2404);
#2404 = DEFINITIONAL_REPRESENTATION('',(#2405),#2408);
#2405 = B_SPLINE_CURVE_WITH_KNOTS('',1,(#2406,#2407),.UNSPECIFIED.,.F.,
  .F.,(2,2),(-2.400000000069E-06,13.0000024),.PIECEWISE_BEZIER_KNOTS.);
#2406 = CARTESIAN_POINT('',(-2.400000000069E-06,77.));
#2407 = CARTESIAN_POINT('',(13.0000024,77.));
#2408 = ( GEOMETRIC_REPRESENTATION_CONTEXT(2) 
PARAMETRIC_REPRESENTATION_CONTEXT() REPRESENTATION_CONTEXT('2D SPACE',''
  ) );
#2409 = ORIENTED_EDGE('',*,*,#826,.F.);
#2410 = ORIENTED_EDGE('',*,*,#2411,.F.);
#2411 = EDGE_CURVE('',#2369,#798,#2412,.T.);
#2412 = SURFACE_CURVE('',#2413,(#2417,#2424),.PCURVE_S1.);
#2413 = LINE('',#2414,#2415);
#2414 = CARTESIAN_POINT('',(37.,-26.5,2.));
#2415 = VECTOR('',#2416,1.);
#2416 = DIRECTION('',(0.,0.,1.));
#2417 = PCURVE('',#841,#2418);
#2418 = DEFINITIONAL_REPRESENTATION('',(#2419),#2423);
#2419 = LINE('',#2420,#2421);
#2420 = CARTESIAN_POINT('',(0.,77.5));
#2421 = VECTOR('',#2422,1.);
#2422 = DIRECTION('',(1.,0.));
#2423 = ( GEOMETRIC_REPRESENTATION_CONTEXT(2) 
PARAMETRIC_REPRESENTATION_CONTEXT() REPRESENTATION_CONTEXT('2D SPACE',''
  ) );
#2424 = PCURVE('',#814,#2425);
#2425 = DEFINITIONAL_REPRESENTATION('',(#2426),#2430);
#2426 = LINE('',#2427,#2428);
#2427 = CARTESIAN_POINT('',(-1.570796326795,0.));
#2428 = VECTOR('',#2429,1.);
#2429 = DIRECTION('',(-0.,1.));
#2430 = ( GEOMETRIC_REPRESENTATION_CONTEXT(2) 
PARAMETRIC_REPRESENTATION_CONTEXT() REPRESENTATION_CONTEXT('2D SPACE',''
  ) );
#2431 = ADVANCED_FACE('',(#2432),#867,.T.);
#2432 = FACE_BOUND('',#2433,.T.);
#2433 = EDGE_LOOP('',(#2434,#2457,#2476,#2477));
#2434 = ORIENTED_EDGE('',*,*,#2435,.F.);
#2435 = EDGE_CURVE('',#2436,#2367,#2438,.T.);
#2436 = VERTEX_POINT('',#2437);
#2437 = CARTESIAN_POINT('',(-36.5,-26.5,2.));
#2438 = SURFACE_CURVE('',#2439,(#2443,#2450),.PCURVE_S1.);
#2439 = LINE('',#2440,#2441);
#2440 = CARTESIAN_POINT('',(-40.5,-26.5,2.));
#2441 = VECTOR('',#2442,1.);
#2442 = DIRECTION('',(1.,0.,-0.));
#2443 = PCURVE('',#867,#2444);
#2444 = DEFINITIONAL_REPRESENTATION('',(#2445),#2449);
#2445 = LINE('',#2446,#2447);
#2446 = CARTESIAN_POINT('',(0.,0.));
#2447 = VECTOR('',#2448,1.);
#2448 = DIRECTION('',(0.,1.));
#2449 = ( GEOMETRIC_REPRESENTATION_CONTEXT(2) 
PARAMETRIC_REPRESENTATION_CONTEXT() REPRESENTATION_CONTEXT('2D SPACE',''
  ) );
#2450 = PCURVE('',#2329,#2451);
#2451 = DEFINITIONAL_REPRESENTATION('',(#2452),#2456);
#2452 = LINE('',#2453,#2454);
#2453 = CARTESIAN_POINT('',(0.,0.));
#2454 = VECTOR('',#2455,1.);
#2455 = DIRECTION('',(1.,0.));
#2456 = ( GEOMETRIC_REPRESENTATION_CONTEXT(2) 
PARAMETRIC_REPRESENTATION_CONTEXT() REPRESENTATION_CONTEXT('2D SPACE',''
  ) );
#2457 = ORIENTED_EDGE('',*,*,#2458,.T.);
#2458 = EDGE_CURVE('',#2436,#853,#2459,.T.);
#2459 = SURFACE_CURVE('',#2460,(#2464,#2470),.PCURVE_S1.);
#2460 = LINE('',#2461,#2462);
#2461 = CARTESIAN_POINT('',(-36.5,-26.5,2.));
#2462 = VECTOR('',#2463,1.);
#2463 = DIRECTION('',(0.,0.,1.));
#2464 = PCURVE('',#867,#2465);
#2465 = DEFINITIONAL_REPRESENTATION('',(#2466),#2469);
#2466 = B_SPLINE_CURVE_WITH_KNOTS('',1,(#2467,#2468),.UNSPECIFIED.,.F.,
  .F.,(2,2),(-2.400000000069E-06,13.0000024),.PIECEWISE_BEZIER_KNOTS.);
#2467 = CARTESIAN_POINT('',(-2.400000000069E-06,4.));
#2468 = CARTESIAN_POINT('',(13.0000024,4.));
#2469 = ( GEOMETRIC_REPRESENTATION_CONTEXT(2) 
PARAMETRIC_REPRESENTATION_CONTEXT() REPRESENTATION_CONTEXT('2D SPACE',''
  ) );
#2470 = PCURVE('',#891,#2471);
#2471 = DEFINITIONAL_REPRESENTATION('',(#2472),#2475);
#2472 = B_SPLINE_CURVE_WITH_KNOTS('',1,(#2473,#2474),.UNSPECIFIED.,.F.,
  .F.,(2,2),(-2.400000000069E-06,13.0000024),.PIECEWISE_BEZIER_KNOTS.);
#2473 = CARTESIAN_POINT('',(-2.400000000069E-06,4.));
#2474 = CARTESIAN_POINT('',(13.0000024,4.));
#2475 = ( GEOMETRIC_REPRESENTATION_CONTEXT(2) 
PARAMETRIC_REPRESENTATION_CONTEXT() REPRESENTATION_CONTEXT('2D SPACE',''
  ) );
#2476 = ORIENTED_EDGE('',*,*,#852,.F.);
#2477 = ORIENTED_EDGE('',*,*,#2391,.F.);
#2478 = ADVANCED_FACE('',(#2479),#891,.T.);
#2479 = FACE_BOUND('',#2480,.T.);
#2480 = EDGE_LOOP('',(#2481,#2502,#2503,#2504));
#2481 = ORIENTED_EDGE('',*,*,#2482,.F.);
#2482 = EDGE_CURVE('',#2313,#2436,#2483,.T.);
#2483 = SURFACE_CURVE('',#2484,(#2488,#2495),.PCURVE_S1.);
#2484 = LINE('',#2485,#2486);
#2485 = CARTESIAN_POINT('',(-40.5,-26.5,2.));
#2486 = VECTOR('',#2487,1.);
#2487 = DIRECTION('',(1.,0.,-0.));
#2488 = PCURVE('',#891,#2489);
#2489 = DEFINITIONAL_REPRESENTATION('',(#2490),#2494);
#2490 = LINE('',#2491,#2492);
#2491 = CARTESIAN_POINT('',(0.,0.));
#2492 = VECTOR('',#2493,1.);
#2493 = DIRECTION('',(0.,1.));
#2494 = ( GEOMETRIC_REPRESENTATION_CONTEXT(2) 
PARAMETRIC_REPRESENTATION_CONTEXT() REPRESENTATION_CONTEXT('2D SPACE',''
  ) );
#2495 = PCURVE('',#2329,#2496);
#2496 = DEFINITIONAL_REPRESENTATION('',(#2497),#2501);
#2497 = LINE('',#2498,#2499);
#2498 = CARTESIAN_POINT('',(0.,0.));
#2499 = VECTOR('',#2500,1.);
#2500 = DIRECTION('',(1.,0.));
#2501 = ( GEOMETRIC_REPRESENTATION_CONTEXT(2) 
PARAMETRIC_REPRESENTATION_CONTEXT() REPRESENTATION_CONTEXT('2D SPACE',''
  ) );
#2502 = ORIENTED_EDGE('',*,*,#2341,.T.);
#2503 = ORIENTED_EDGE('',*,*,#878,.F.);
#2504 = ORIENTED_EDGE('',*,*,#2458,.F.);
#2505 = ADVANCED_FACE('',(#2506),#814,.F.);
#2506 = FACE_BOUND('',#2507,.T.);
#2507 = EDGE_LOOP('',(#2508,#2531,#2557,#2558));
#2508 = ORIENTED_EDGE('',*,*,#2509,.F.);
#2509 = EDGE_CURVE('',#2510,#772,#2512,.T.);
#2510 = VERTEX_POINT('',#2511);
#2511 = CARTESIAN_POINT('',(40.5,-23.,2.));
#2512 = SURFACE_CURVE('',#2513,(#2517,#2524),.PCURVE_S1.);
#2513 = LINE('',#2514,#2515);
#2514 = CARTESIAN_POINT('',(40.5,-23.,2.));
#2515 = VECTOR('',#2516,1.);
#2516 = DIRECTION('',(0.,0.,1.));
#2517 = PCURVE('',#814,#2518);
#2518 = DEFINITIONAL_REPRESENTATION('',(#2519),#2523);
#2519 = LINE('',#2520,#2521);
#2520 = CARTESIAN_POINT('',(-0.,0.));
#2521 = VECTOR('',#2522,1.);
#2522 = DIRECTION('',(-0.,1.));
#2523 = ( GEOMETRIC_REPRESENTATION_CONTEXT(2) 
PARAMETRIC_REPRESENTATION_CONTEXT() REPRESENTATION_CONTEXT('2D SPACE',''
  ) );
#2524 = PCURVE('',#786,#2525);
#2525 = DEFINITIONAL_REPRESENTATION('',(#2526),#2530);
#2526 = LINE('',#2527,#2528);
#2527 = CARTESIAN_POINT('',(0.,-3.5));
#2528 = VECTOR('',#2529,1.);
#2529 = DIRECTION('',(1.,0.));
#2530 = ( GEOMETRIC_REPRESENTATION_CONTEXT(2) 
PARAMETRIC_REPRESENTATION_CONTEXT() REPRESENTATION_CONTEXT('2D SPACE',''
  ) );
#2531 = ORIENTED_EDGE('',*,*,#2532,.T.);
#2532 = EDGE_CURVE('',#2510,#2369,#2533,.T.);
#2533 = SURFACE_CURVE('',#2534,(#2539,#2546),.PCURVE_S1.);
#2534 = CIRCLE('',#2535,3.5);
#2535 = AXIS2_PLACEMENT_3D('',#2536,#2537,#2538);
#2536 = CARTESIAN_POINT('',(37.,-23.,2.));
#2537 = DIRECTION('',(-0.,-0.,-1.));
#2538 = DIRECTION('',(0.,-1.,0.));
#2539 = PCURVE('',#814,#2540);
#2540 = DEFINITIONAL_REPRESENTATION('',(#2541),#2545);
#2541 = LINE('',#2542,#2543);
#2542 = CARTESIAN_POINT('',(4.712388980385,-0.));
#2543 = VECTOR('',#2544,1.);
#2544 = DIRECTION('',(-1.,0.));
#2545 = ( GEOMETRIC_REPRESENTATION_CONTEXT(2) 
PARAMETRIC_REPRESENTATION_CONTEXT() REPRESENTATION_CONTEXT('2D SPACE',''
  ) );
#2546 = PCURVE('',#2329,#2547);
#2547 = DEFINITIONAL_REPRESENTATION('',(#2548),#2556);
#2548 = ( BOUNDED_CURVE() B_SPLINE_CURVE(2,(#2549,#2550,#2551,#2552,
#2553,#2554,#2555),.UNSPECIFIED.,.T.,.F.) B_SPLINE_CURVE_WITH_KNOTS((1,2
    ,2,2,2,1),(-2.094395102393,0.,2.094395102393,4.188790204786,
6.28318530718,8.377580409573),.UNSPECIFIED.) CURVE() 
GEOMETRIC_REPRESENTATION_ITEM() RATIONAL_B_SPLINE_CURVE((1.,0.5,1.,0.5,
1.,0.5,1.)) REPRESENTATION_ITEM('') );
#2549 = CARTESIAN_POINT('',(77.5,0.));
#2550 = CARTESIAN_POINT('',(71.437822173509,0.));
#2551 = CARTESIAN_POINT('',(74.468911086754,5.25));
#2552 = CARTESIAN_POINT('',(77.5,10.5));
#2553 = CARTESIAN_POINT('',(80.531088913246,5.25));
#2554 = CARTESIAN_POINT('',(83.562177826491,5.329070518201E-15));
#2555 = CARTESIAN_POINT('',(77.5,0.));
#2556 = ( GEOMETRIC_REPRESENTATION_CONTEXT(2) 
PARAMETRIC_REPRESENTATION_CONTEXT() REPRESENTATION_CONTEXT('2D SPACE',''
  ) );
#2557 = ORIENTED_EDGE('',*,*,#2411,.T.);
#2558 = ORIENTED_EDGE('',*,*,#797,.T.);
#2559 = ADVANCED_FACE('',(#2560),#786,.F.);
#2560 = FACE_BOUND('',#2561,.F.);
#2561 = EDGE_LOOP('',(#2562,#2563,#2564,#2587));
#2562 = ORIENTED_EDGE('',*,*,#771,.F.);
#2563 = ORIENTED_EDGE('',*,*,#2509,.F.);
#2564 = ORIENTED_EDGE('',*,*,#2565,.T.);
#2565 = EDGE_CURVE('',#2510,#2566,#2568,.T.);
#2566 = VERTEX_POINT('',#2567);
#2567 = CARTESIAN_POINT('',(40.5,23.,2.));
#2568 = SURFACE_CURVE('',#2569,(#2573,#2580),.PCURVE_S1.);
#2569 = LINE('',#2570,#2571);
#2570 = CARTESIAN_POINT('',(40.5,-26.5,2.));
#2571 = VECTOR('',#2572,1.);
#2572 = DIRECTION('',(-0.,1.,0.));
#2573 = PCURVE('',#786,#2574);
#2574 = DEFINITIONAL_REPRESENTATION('',(#2575),#2579);
#2575 = LINE('',#2576,#2577);
#2576 = CARTESIAN_POINT('',(0.,0.));
#2577 = VECTOR('',#2578,1.);
#2578 = DIRECTION('',(0.,-1.));
#2579 = ( GEOMETRIC_REPRESENTATION_CONTEXT(2) 
PARAMETRIC_REPRESENTATION_CONTEXT() REPRESENTATION_CONTEXT('2D SPACE',''
  ) );
#2580 = PCURVE('',#2329,#2581);
#2581 = DEFINITIONAL_REPRESENTATION('',(#2582),#2586);
#2582 = LINE('',#2583,#2584);
#2583 = CARTESIAN_POINT('',(81.,0.));
#2584 = VECTOR('',#2585,1.);
#2585 = DIRECTION('',(0.,1.));
#2586 = ( GEOMETRIC_REPRESENTATION_CONTEXT(2) 
PARAMETRIC_REPRESENTATION_CONTEXT() REPRESENTATION_CONTEXT('2D SPACE',''
  ) );
#2587 = ORIENTED_EDGE('',*,*,#2588,.T.);
#2588 = EDGE_CURVE('',#2566,#743,#2589,.T.);
#2589 = SURFACE_CURVE('',#2590,(#2594,#2601),.PCURVE_S1.);
#2590 = LINE('',#2591,#2592);
#2591 = CARTESIAN_POINT('',(40.5,23.,2.));
#2592 = VECTOR('',#2593,1.);
#2593 = DIRECTION('',(0.,0.,1.));
#2594 = PCURVE('',#786,#2595);
#2595 = DEFINITIONAL_REPRESENTATION('',(#2596),#2600);
#2596 = LINE('',#2597,#2598);
#2597 = CARTESIAN_POINT('',(0.,-49.5));
#2598 = VECTOR('',#2599,1.);
#2599 = DIRECTION('',(1.,0.));
#2600 = ( GEOMETRIC_REPRESENTATION_CONTEXT(2) 
PARAMETRIC_REPRESENTATION_CONTEXT() REPRESENTATION_CONTEXT('2D SPACE',''
  ) );
#2601 = PCURVE('',#759,#2602);
#2602 = DEFINITIONAL_REPRESENTATION('',(#2603),#2607);
#2603 = LINE('',#2604,#2605);
#2604 = CARTESIAN_POINT('',(0.,0.));
#2605 = VECTOR('',#2606,1.);
#2606 = DIRECTION('',(0.,1.));
#2607 = ( GEOMETRIC_REPRESENTATION_CONTEXT(2) 
PARAMETRIC_REPRESENTATION_CONTEXT() REPRESENTATION_CONTEXT('2D SPACE',''
  ) );
#2608 = ADVANCED_FACE('',(#2609),#759,.F.);
#2609 = FACE_BOUND('',#2610,.F.);
#2610 = EDGE_LOOP('',(#2611,#2612,#2636,#2657));
#2611 = ORIENTED_EDGE('',*,*,#2588,.F.);
#2612 = ORIENTED_EDGE('',*,*,#2613,.T.);
#2613 = EDGE_CURVE('',#2566,#2614,#2616,.T.);
#2614 = VERTEX_POINT('',#2615);
#2615 = CARTESIAN_POINT('',(37.,26.5,2.));
#2616 = SURFACE_CURVE('',#2617,(#2622,#2629),.PCURVE_S1.);
#2617 = CIRCLE('',#2618,3.5);
#2618 = AXIS2_PLACEMENT_3D('',#2619,#2620,#2621);
#2619 = CARTESIAN_POINT('',(37.,23.,2.));
#2620 = DIRECTION('',(0.,0.,1.));
#2621 = DIRECTION('',(0.,-1.,0.));
#2622 = PCURVE('',#759,#2623);
#2623 = DEFINITIONAL_REPRESENTATION('',(#2624),#2628);
#2624 = LINE('',#2625,#2626);
#2625 = CARTESIAN_POINT('',(-1.570796326795,0.));
#2626 = VECTOR('',#2627,1.);
#2627 = DIRECTION('',(1.,0.));
#2628 = ( GEOMETRIC_REPRESENTATION_CONTEXT(2) 
PARAMETRIC_REPRESENTATION_CONTEXT() REPRESENTATION_CONTEXT('2D SPACE',''
  ) );
#2629 = PCURVE('',#2329,#2630);
#2630 = DEFINITIONAL_REPRESENTATION('',(#2631),#2635);
#2631 = CIRCLE('',#2632,3.5);
#2632 = AXIS2_PLACEMENT_2D('',#2633,#2634);
#2633 = CARTESIAN_POINT('',(77.5,49.5));
#2634 = DIRECTION('',(0.,-1.));
#2635 = ( GEOMETRIC_REPRESENTATION_CONTEXT(2) 
PARAMETRIC_REPRESENTATION_CONTEXT() REPRESENTATION_CONTEXT('2D SPACE',''
  ) );
#2636 = ORIENTED_EDGE('',*,*,#2637,.T.);
#2637 = EDGE_CURVE('',#2614,#717,#2638,.T.);
#2638 = SURFACE_CURVE('',#2639,(#2643,#2650),.PCURVE_S1.);
#2639 = LINE('',#2640,#2641);
#2640 = CARTESIAN_POINT('',(37.,26.5,2.));
#2641 = VECTOR('',#2642,1.);
#2642 = DIRECTION('',(0.,0.,1.));
#2643 = PCURVE('',#759,#2644);
#2644 = DEFINITIONAL_REPRESENTATION('',(#2645),#2649);
#2645 = LINE('',#2646,#2647);
#2646 = CARTESIAN_POINT('',(1.570796326795,0.));
#2647 = VECTOR('',#2648,1.);
#2648 = DIRECTION('',(0.,1.));
#2649 = ( GEOMETRIC_REPRESENTATION_CONTEXT(2) 
PARAMETRIC_REPRESENTATION_CONTEXT() REPRESENTATION_CONTEXT('2D SPACE',''
  ) );
#2650 = PCURVE('',#731,#2651);
#2651 = DEFINITIONAL_REPRESENTATION('',(#2652),#2656);
#2652 = LINE('',#2653,#2654);
#2653 = CARTESIAN_POINT('',(0.,77.5));
#2654 = VECTOR('',#2655,1.);
#2655 = DIRECTION('',(1.,0.));
#2656 = ( GEOMETRIC_REPRESENTATION_CONTEXT(2) 
PARAMETRIC_REPRESENTATION_CONTEXT() REPRESENTATION_CONTEXT('2D SPACE',''
  ) );
#2657 = ORIENTED_EDGE('',*,*,#742,.F.);
#2658 = ADVANCED_FACE('',(#2659),#731,.F.);
#2659 = FACE_BOUND('',#2660,.F.);
#2660 = EDGE_LOOP('',(#2661,#2684,#2703,#2704));
#2661 = ORIENTED_EDGE('',*,*,#2662,.F.);
#2662 = EDGE_CURVE('',#2663,#2614,#2665,.T.);
#2663 = VERTEX_POINT('',#2664);
#2664 = CARTESIAN_POINT('',(36.500000031001,26.5,2.));
#2665 = SURFACE_CURVE('',#2666,(#2670,#2677),.PCURVE_S1.);
#2666 = LINE('',#2667,#2668);
#2667 = CARTESIAN_POINT('',(-40.5,26.5,2.));
#2668 = VECTOR('',#2669,1.);
#2669 = DIRECTION('',(1.,0.,-0.));
#2670 = PCURVE('',#731,#2671);
#2671 = DEFINITIONAL_REPRESENTATION('',(#2672),#2676);
#2672 = LINE('',#2673,#2674);
#2673 = CARTESIAN_POINT('',(0.,0.));
#2674 = VECTOR('',#2675,1.);
#2675 = DIRECTION('',(0.,1.));
#2676 = ( GEOMETRIC_REPRESENTATION_CONTEXT(2) 
PARAMETRIC_REPRESENTATION_CONTEXT() REPRESENTATION_CONTEXT('2D SPACE',''
  ) );
#2677 = PCURVE('',#2329,#2678);
#2678 = DEFINITIONAL_REPRESENTATION('',(#2679),#2683);
#2679 = LINE('',#2680,#2681);
#2680 = CARTESIAN_POINT('',(0.,53.));
#2681 = VECTOR('',#2682,1.);
#2682 = DIRECTION('',(1.,0.));
#2683 = ( GEOMETRIC_REPRESENTATION_CONTEXT(2) 
PARAMETRIC_REPRESENTATION_CONTEXT() REPRESENTATION_CONTEXT('2D SPACE',''
  ) );
#2684 = ORIENTED_EDGE('',*,*,#2685,.T.);
#2685 = EDGE_CURVE('',#2663,#691,#2686,.T.);
#2686 = SURFACE_CURVE('',#2687,(#2691,#2697),.PCURVE_S1.);
#2687 = LINE('',#2688,#2689);
#2688 = CARTESIAN_POINT('',(36.5,26.5,2.));
#2689 = VECTOR('',#2690,1.);
#2690 = DIRECTION('',(0.,0.,1.));
#2691 = PCURVE('',#731,#2692);
#2692 = DEFINITIONAL_REPRESENTATION('',(#2693),#2696);
#2693 = B_SPLINE_CURVE_WITH_KNOTS('',1,(#2694,#2695),.UNSPECIFIED.,.F.,
  .F.,(2,2),(-2.400000000069E-06,13.0000024),.PIECEWISE_BEZIER_KNOTS.);
#2694 = CARTESIAN_POINT('',(-2.400000000069E-06,77.));
#2695 = CARTESIAN_POINT('',(13.0000024,77.));
#2696 = ( GEOMETRIC_REPRESENTATION_CONTEXT(2) 
PARAMETRIC_REPRESENTATION_CONTEXT() REPRESENTATION_CONTEXT('2D SPACE',''
  ) );
#2697 = PCURVE('',#705,#2698);
#2698 = DEFINITIONAL_REPRESENTATION('',(#2699),#2702);
#2699 = B_SPLINE_CURVE_WITH_KNOTS('',1,(#2700,#2701),.UNSPECIFIED.,.F.,
  .F.,(2,2),(-2.400000000069E-06,13.0000024),.PIECEWISE_BEZIER_KNOTS.);
#2700 = CARTESIAN_POINT('',(-2.400000000069E-06,77.));
#2701 = CARTESIAN_POINT('',(13.0000024,77.));
#2702 = ( GEOMETRIC_REPRESENTATION_CONTEXT(2) 
PARAMETRIC_REPRESENTATION_CONTEXT() REPRESENTATION_CONTEXT('2D SPACE',''
  ) );
#2703 = ORIENTED_EDGE('',*,*,#716,.F.);
#2704 = ORIENTED_EDGE('',*,*,#2637,.F.);
#2705 = ADVANCED_FACE('',(#2706),#705,.F.);
#2706 = FACE_BOUND('',#2707,.F.);
#2707 = EDGE_LOOP('',(#2708,#2731,#2750,#2751));
#2708 = ORIENTED_EDGE('',*,*,#2709,.F.);
#2709 = EDGE_CURVE('',#2710,#2663,#2712,.T.);
#2710 = VERTEX_POINT('',#2711);
#2711 = CARTESIAN_POINT('',(-36.5,26.5,2.));
#2712 = SURFACE_CURVE('',#2713,(#2717,#2724),.PCURVE_S1.);
#2713 = LINE('',#2714,#2715);
#2714 = CARTESIAN_POINT('',(-40.5,26.5,2.));
#2715 = VECTOR('',#2716,1.);
#2716 = DIRECTION('',(1.,0.,-0.));
#2717 = PCURVE('',#705,#2718);
#2718 = DEFINITIONAL_REPRESENTATION('',(#2719),#2723);
#2719 = LINE('',#2720,#2721);
#2720 = CARTESIAN_POINT('',(0.,0.));
#2721 = VECTOR('',#2722,1.);
#2722 = DIRECTION('',(0.,1.));
#2723 = ( GEOMETRIC_REPRESENTATION_CONTEXT(2) 
PARAMETRIC_REPRESENTATION_CONTEXT() REPRESENTATION_CONTEXT('2D SPACE',''
  ) );
#2724 = PCURVE('',#2329,#2725);
#2725 = DEFINITIONAL_REPRESENTATION('',(#2726),#2730);
#2726 = LINE('',#2727,#2728);
#2727 = CARTESIAN_POINT('',(0.,53.));
#2728 = VECTOR('',#2729,1.);
#2729 = DIRECTION('',(1.,0.));
#2730 = ( GEOMETRIC_REPRESENTATION_CONTEXT(2) 
PARAMETRIC_REPRESENTATION_CONTEXT() REPRESENTATION_CONTEXT('2D SPACE',''
  ) );
#2731 = ORIENTED_EDGE('',*,*,#2732,.T.);
#2732 = EDGE_CURVE('',#2710,#665,#2733,.T.);
#2733 = SURFACE_CURVE('',#2734,(#2738,#2744),.PCURVE_S1.);
#2734 = LINE('',#2735,#2736);
#2735 = CARTESIAN_POINT('',(-36.5,26.5,2.));
#2736 = VECTOR('',#2737,1.);
#2737 = DIRECTION('',(0.,0.,1.));
#2738 = PCURVE('',#705,#2739);
#2739 = DEFINITIONAL_REPRESENTATION('',(#2740),#2743);
#2740 = B_SPLINE_CURVE_WITH_KNOTS('',1,(#2741,#2742),.UNSPECIFIED.,.F.,
  .F.,(2,2),(-2.400000000069E-06,13.0000024),.PIECEWISE_BEZIER_KNOTS.);
#2741 = CARTESIAN_POINT('',(-2.400000000069E-06,4.));
#2742 = CARTESIAN_POINT('',(13.0000024,4.));
#2743 = ( GEOMETRIC_REPRESENTATION_CONTEXT(2) 
PARAMETRIC_REPRESENTATION_CONTEXT() REPRESENTATION_CONTEXT('2D SPACE',''
  ) );
#2744 = PCURVE('',#679,#2745);
#2745 = DEFINITIONAL_REPRESENTATION('',(#2746),#2749);
#2746 = B_SPLINE_CURVE_WITH_KNOTS('',1,(#2747,#2748),.UNSPECIFIED.,.F.,
  .F.,(2,2),(-2.400000000069E-06,13.0000024),.PIECEWISE_BEZIER_KNOTS.);
#2747 = CARTESIAN_POINT('',(-2.400000000069E-06,4.));
#2748 = CARTESIAN_POINT('',(13.0000024,4.));
#2749 = ( GEOMETRIC_REPRESENTATION_CONTEXT(2) 
PARAMETRIC_REPRESENTATION_CONTEXT() REPRESENTATION_CONTEXT('2D SPACE',''
  ) );
#2750 = ORIENTED_EDGE('',*,*,#690,.F.);
#2751 = ORIENTED_EDGE('',*,*,#2685,.F.);
#2752 = ADVANCED_FACE('',(#2753),#679,.F.);
#2753 = FACE_BOUND('',#2754,.F.);
#2754 = EDGE_LOOP('',(#2755,#2778,#2799,#2800));
#2755 = ORIENTED_EDGE('',*,*,#2756,.F.);
#2756 = EDGE_CURVE('',#2757,#2710,#2759,.T.);
#2757 = VERTEX_POINT('',#2758);
#2758 = CARTESIAN_POINT('',(-37.,26.5,2.));
#2759 = SURFACE_CURVE('',#2760,(#2764,#2771),.PCURVE_S1.);
#2760 = LINE('',#2761,#2762);
#2761 = CARTESIAN_POINT('',(-40.5,26.5,2.));
#2762 = VECTOR('',#2763,1.);
#2763 = DIRECTION('',(1.,0.,-0.));
#2764 = PCURVE('',#679,#2765);
#2765 = DEFINITIONAL_REPRESENTATION('',(#2766),#2770);
#2766 = LINE('',#2767,#2768);
#2767 = CARTESIAN_POINT('',(0.,0.));
#2768 = VECTOR('',#2769,1.);
#2769 = DIRECTION('',(0.,1.));
#2770 = ( GEOMETRIC_REPRESENTATION_CONTEXT(2) 
PARAMETRIC_REPRESENTATION_CONTEXT() REPRESENTATION_CONTEXT('2D SPACE',''
  ) );
#2771 = PCURVE('',#2329,#2772);
#2772 = DEFINITIONAL_REPRESENTATION('',(#2773),#2777);
#2773 = LINE('',#2774,#2775);
#2774 = CARTESIAN_POINT('',(0.,53.));
#2775 = VECTOR('',#2776,1.);
#2776 = DIRECTION('',(1.,0.));
#2777 = ( GEOMETRIC_REPRESENTATION_CONTEXT(2) 
PARAMETRIC_REPRESENTATION_CONTEXT() REPRESENTATION_CONTEXT('2D SPACE',''
  ) );
#2778 = ORIENTED_EDGE('',*,*,#2779,.T.);
#2779 = EDGE_CURVE('',#2757,#636,#2780,.T.);
#2780 = SURFACE_CURVE('',#2781,(#2785,#2792),.PCURVE_S1.);
#2781 = LINE('',#2782,#2783);
#2782 = CARTESIAN_POINT('',(-37.,26.5,2.));
#2783 = VECTOR('',#2784,1.);
#2784 = DIRECTION('',(0.,0.,1.));
#2785 = PCURVE('',#679,#2786);
#2786 = DEFINITIONAL_REPRESENTATION('',(#2787),#2791);
#2787 = LINE('',#2788,#2789);
#2788 = CARTESIAN_POINT('',(0.,3.5));
#2789 = VECTOR('',#2790,1.);
#2790 = DIRECTION('',(1.,0.));
#2791 = ( GEOMETRIC_REPRESENTATION_CONTEXT(2) 
PARAMETRIC_REPRESENTATION_CONTEXT() REPRESENTATION_CONTEXT('2D SPACE',''
  ) );
#2792 = PCURVE('',#652,#2793);
#2793 = DEFINITIONAL_REPRESENTATION('',(#2794),#2798);
#2794 = LINE('',#2795,#2796);
#2795 = CARTESIAN_POINT('',(-1.570796326795,0.));
#2796 = VECTOR('',#2797,1.);
#2797 = DIRECTION('',(-0.,1.));
#2798 = ( GEOMETRIC_REPRESENTATION_CONTEXT(2) 
PARAMETRIC_REPRESENTATION_CONTEXT() REPRESENTATION_CONTEXT('2D SPACE',''
  ) );
#2799 = ORIENTED_EDGE('',*,*,#664,.F.);
#2800 = ORIENTED_EDGE('',*,*,#2732,.F.);
#2801 = ADVANCED_FACE('',(#2802),#652,.F.);
#2802 = FACE_BOUND('',#2803,.T.);
#2803 = EDGE_LOOP('',(#2804,#2827,#2853,#2854));
#2804 = ORIENTED_EDGE('',*,*,#2805,.F.);
#2805 = EDGE_CURVE('',#2806,#610,#2808,.T.);
#2806 = VERTEX_POINT('',#2807);
#2807 = CARTESIAN_POINT('',(-40.5,23.,2.));
#2808 = SURFACE_CURVE('',#2809,(#2813,#2820),.PCURVE_S1.);
#2809 = LINE('',#2810,#2811);
#2810 = CARTESIAN_POINT('',(-40.5,23.,2.));
#2811 = VECTOR('',#2812,1.);
#2812 = DIRECTION('',(0.,0.,1.));
#2813 = PCURVE('',#652,#2814);
#2814 = DEFINITIONAL_REPRESENTATION('',(#2815),#2819);
#2815 = LINE('',#2816,#2817);
#2816 = CARTESIAN_POINT('',(-0.,0.));
#2817 = VECTOR('',#2818,1.);
#2818 = DIRECTION('',(-0.,1.));
#2819 = ( GEOMETRIC_REPRESENTATION_CONTEXT(2) 
PARAMETRIC_REPRESENTATION_CONTEXT() REPRESENTATION_CONTEXT('2D SPACE',''
  ) );
#2820 = PCURVE('',#624,#2821);
#2821 = DEFINITIONAL_REPRESENTATION('',(#2822),#2826);
#2822 = LINE('',#2823,#2824);
#2823 = CARTESIAN_POINT('',(0.,-49.5));
#2824 = VECTOR('',#2825,1.);
#2825 = DIRECTION('',(1.,0.));
#2826 = ( GEOMETRIC_REPRESENTATION_CONTEXT(2) 
PARAMETRIC_REPRESENTATION_CONTEXT() REPRESENTATION_CONTEXT('2D SPACE',''
  ) );
#2827 = ORIENTED_EDGE('',*,*,#2828,.T.);
#2828 = EDGE_CURVE('',#2806,#2757,#2829,.T.);
#2829 = SURFACE_CURVE('',#2830,(#2835,#2842),.PCURVE_S1.);
#2830 = CIRCLE('',#2831,3.5);
#2831 = AXIS2_PLACEMENT_3D('',#2832,#2833,#2834);
#2832 = CARTESIAN_POINT('',(-37.,23.,2.));
#2833 = DIRECTION('',(-0.,-0.,-1.));
#2834 = DIRECTION('',(0.,-1.,0.));
#2835 = PCURVE('',#652,#2836);
#2836 = DEFINITIONAL_REPRESENTATION('',(#2837),#2841);
#2837 = LINE('',#2838,#2839);
#2838 = CARTESIAN_POINT('',(1.570796326795,-0.));
#2839 = VECTOR('',#2840,1.);
#2840 = DIRECTION('',(-1.,0.));
#2841 = ( GEOMETRIC_REPRESENTATION_CONTEXT(2) 
PARAMETRIC_REPRESENTATION_CONTEXT() REPRESENTATION_CONTEXT('2D SPACE',''
  ) );
#2842 = PCURVE('',#2329,#2843);
#2843 = DEFINITIONAL_REPRESENTATION('',(#2844),#2852);
#2844 = ( BOUNDED_CURVE() B_SPLINE_CURVE(2,(#2845,#2846,#2847,#2848,
#2849,#2850,#2851),.UNSPECIFIED.,.T.,.F.) B_SPLINE_CURVE_WITH_KNOTS((1,2
    ,2,2,2,1),(-2.094395102393,0.,2.094395102393,4.188790204786,
6.28318530718,8.377580409573),.UNSPECIFIED.) CURVE() 
GEOMETRIC_REPRESENTATION_ITEM() RATIONAL_B_SPLINE_CURVE((1.,0.5,1.,0.5,
1.,0.5,1.)) REPRESENTATION_ITEM('') );
#2845 = CARTESIAN_POINT('',(3.5,46.));
#2846 = CARTESIAN_POINT('',(-2.562177826491,46.));
#2847 = CARTESIAN_POINT('',(0.468911086754,51.25));
#2848 = CARTESIAN_POINT('',(3.5,56.5));
#2849 = CARTESIAN_POINT('',(6.531088913246,51.25));
#2850 = CARTESIAN_POINT('',(9.562177826491,46.));
#2851 = CARTESIAN_POINT('',(3.5,46.));
#2852 = ( GEOMETRIC_REPRESENTATION_CONTEXT(2) 
PARAMETRIC_REPRESENTATION_CONTEXT() REPRESENTATION_CONTEXT('2D SPACE',''
  ) );
#2853 = ORIENTED_EDGE('',*,*,#2779,.T.);
#2854 = ORIENTED_EDGE('',*,*,#635,.T.);
#2855 = ADVANCED_FACE('',(#2856,#2882,#2888),#624,.T.);
#2856 = FACE_BOUND('',#2857,.T.);
#2857 = EDGE_LOOP('',(#2858,#2859,#2860,#2881));
#2858 = ORIENTED_EDGE('',*,*,#609,.F.);
#2859 = ORIENTED_EDGE('',*,*,#2289,.F.);
#2860 = ORIENTED_EDGE('',*,*,#2861,.T.);
#2861 = EDGE_CURVE('',#2290,#2806,#2862,.T.);
#2862 = SURFACE_CURVE('',#2863,(#2867,#2874),.PCURVE_S1.);
#2863 = LINE('',#2864,#2865);
#2864 = CARTESIAN_POINT('',(-40.5,-26.5,2.));
#2865 = VECTOR('',#2866,1.);
#2866 = DIRECTION('',(-0.,1.,0.));
#2867 = PCURVE('',#624,#2868);
#2868 = DEFINITIONAL_REPRESENTATION('',(#2869),#2873);
#2869 = LINE('',#2870,#2871);
#2870 = CARTESIAN_POINT('',(0.,0.));
#2871 = VECTOR('',#2872,1.);
#2872 = DIRECTION('',(0.,-1.));
#2873 = ( GEOMETRIC_REPRESENTATION_CONTEXT(2) 
PARAMETRIC_REPRESENTATION_CONTEXT() REPRESENTATION_CONTEXT('2D SPACE',''
  ) );
#2874 = PCURVE('',#2329,#2875);
#2875 = DEFINITIONAL_REPRESENTATION('',(#2876),#2880);
#2876 = LINE('',#2877,#2878);
#2877 = CARTESIAN_POINT('',(0.,0.));
#2878 = VECTOR('',#2879,1.);
#2879 = DIRECTION('',(0.,1.));
#2880 = ( GEOMETRIC_REPRESENTATION_CONTEXT(2) 
PARAMETRIC_REPRESENTATION_CONTEXT() REPRESENTATION_CONTEXT('2D SPACE',''
  ) );
#2881 = ORIENTED_EDGE('',*,*,#2805,.T.);
#2882 = FACE_BOUND('',#2883,.T.);
#2883 = EDGE_LOOP('',(#2884,#2885,#2886,#2887));
#2884 = ORIENTED_EDGE('',*,*,#1916,.T.);
#2885 = ORIENTED_EDGE('',*,*,#2010,.T.);
#2886 = ORIENTED_EDGE('',*,*,#2035,.F.);
#2887 = ORIENTED_EDGE('',*,*,#1963,.F.);
#2888 = FACE_BOUND('',#2889,.T.);
#2889 = EDGE_LOOP('',(#2890));
#2890 = ORIENTED_EDGE('',*,*,#2057,.F.);
#2891 = ADVANCED_FACE('',(#2892),#1101,.F.);
#2892 = FACE_BOUND('',#2893,.F.);
#2893 = EDGE_LOOP('',(#2894,#2895,#2896,#2919));
#2894 = ORIENTED_EDGE('',*,*,#1085,.F.);
#2895 = ORIENTED_EDGE('',*,*,#2218,.T.);
#2896 = ORIENTED_EDGE('',*,*,#2897,.T.);
#2897 = EDGE_CURVE('',#2219,#2898,#2900,.T.);
#2898 = VERTEX_POINT('',#2899);
#2899 = CARTESIAN_POINT('',(53.,-20.,5.));
#2900 = SURFACE_CURVE('',#2901,(#2905,#2912),.PCURVE_S1.);
#2901 = LINE('',#2902,#2903);
#2902 = CARTESIAN_POINT('',(41.,-20.,5.));
#2903 = VECTOR('',#2904,1.);
#2904 = DIRECTION('',(1.,0.,-0.));
#2905 = PCURVE('',#1101,#2906);
#2906 = DEFINITIONAL_REPRESENTATION('',(#2907),#2911);
#2907 = LINE('',#2908,#2909);
#2908 = CARTESIAN_POINT('',(5.,0.));
#2909 = VECTOR('',#2910,1.);
#2910 = DIRECTION('',(0.,1.));
#2911 = ( GEOMETRIC_REPRESENTATION_CONTEXT(2) 
PARAMETRIC_REPRESENTATION_CONTEXT() REPRESENTATION_CONTEXT('2D SPACE',''
  ) );
#2912 = PCURVE('',#2254,#2913);
#2913 = DEFINITIONAL_REPRESENTATION('',(#2914),#2918);
#2914 = LINE('',#2915,#2916);
#2915 = CARTESIAN_POINT('',(0.,0.));
#2916 = VECTOR('',#2917,1.);
#2917 = DIRECTION('',(1.,0.));
#2918 = ( GEOMETRIC_REPRESENTATION_CONTEXT(2) 
PARAMETRIC_REPRESENTATION_CONTEXT() REPRESENTATION_CONTEXT('2D SPACE',''
  ) );
#2919 = ORIENTED_EDGE('',*,*,#2920,.F.);
#2920 = EDGE_CURVE('',#1086,#2898,#2921,.T.);
#2921 = SURFACE_CURVE('',#2922,(#2926,#2933),.PCURVE_S1.);
#2922 = LINE('',#2923,#2924);
#2923 = CARTESIAN_POINT('',(53.,-20.,0.));
#2924 = VECTOR('',#2925,1.);
#2925 = DIRECTION('',(0.,0.,1.));
#2926 = PCURVE('',#1101,#2927);
#2927 = DEFINITIONAL_REPRESENTATION('',(#2928),#2932);
#2928 = LINE('',#2929,#2930);
#2929 = CARTESIAN_POINT('',(0.,12.));
#2930 = VECTOR('',#2931,1.);
#2931 = DIRECTION('',(1.,0.));
#2932 = ( GEOMETRIC_REPRESENTATION_CONTEXT(2) 
PARAMETRIC_REPRESENTATION_CONTEXT() REPRESENTATION_CONTEXT('2D SPACE',''
  ) );
#2933 = PCURVE('',#1129,#2934);
#2934 = DEFINITIONAL_REPRESENTATION('',(#2935),#2939);
#2935 = LINE('',#2936,#2937);
#2936 = CARTESIAN_POINT('',(0.,0.));
#2937 = VECTOR('',#2938,1.);
#2938 = DIRECTION('',(1.,0.));
#2939 = ( GEOMETRIC_REPRESENTATION_CONTEXT(2) 
PARAMETRIC_REPRESENTATION_CONTEXT() REPRESENTATION_CONTEXT('2D SPACE',''
  ) );
#2940 = ADVANCED_FACE('',(#2941),#1129,.T.);
#2941 = FACE_BOUND('',#2942,.T.);
#2942 = EDGE_LOOP('',(#2943,#2944,#2945,#2968));
#2943 = ORIENTED_EDGE('',*,*,#2920,.F.);
#2944 = ORIENTED_EDGE('',*,*,#1113,.T.);
#2945 = ORIENTED_EDGE('',*,*,#2946,.T.);
#2946 = EDGE_CURVE('',#1114,#2947,#2949,.T.);
#2947 = VERTEX_POINT('',#2948);
#2948 = CARTESIAN_POINT('',(53.,20.,5.));
#2949 = SURFACE_CURVE('',#2950,(#2954,#2961),.PCURVE_S1.);
#2950 = LINE('',#2951,#2952);
#2951 = CARTESIAN_POINT('',(53.,20.,0.));
#2952 = VECTOR('',#2953,1.);
#2953 = DIRECTION('',(0.,0.,1.));
#2954 = PCURVE('',#1129,#2955);
#2955 = DEFINITIONAL_REPRESENTATION('',(#2956),#2960);
#2956 = LINE('',#2957,#2958);
#2957 = CARTESIAN_POINT('',(0.,-40.));
#2958 = VECTOR('',#2959,1.);
#2959 = DIRECTION('',(1.,0.));
#2960 = ( GEOMETRIC_REPRESENTATION_CONTEXT(2) 
PARAMETRIC_REPRESENTATION_CONTEXT() REPRESENTATION_CONTEXT('2D SPACE',''
  ) );
#2961 = PCURVE('',#1157,#2962);
#2962 = DEFINITIONAL_REPRESENTATION('',(#2963),#2967);
#2963 = LINE('',#2964,#2965);
#2964 = CARTESIAN_POINT('',(0.,12.));
#2965 = VECTOR('',#2966,1.);
#2966 = DIRECTION('',(1.,0.));
#2967 = ( GEOMETRIC_REPRESENTATION_CONTEXT(2) 
PARAMETRIC_REPRESENTATION_CONTEXT() REPRESENTATION_CONTEXT('2D SPACE',''
  ) );
#2968 = ORIENTED_EDGE('',*,*,#2969,.F.);
#2969 = EDGE_CURVE('',#2898,#2947,#2970,.T.);
#2970 = SURFACE_CURVE('',#2971,(#2975,#2982),.PCURVE_S1.);
#2971 = LINE('',#2972,#2973);
#2972 = CARTESIAN_POINT('',(53.,-20.,5.));
#2973 = VECTOR('',#2974,1.);
#2974 = DIRECTION('',(-0.,1.,0.));
#2975 = PCURVE('',#1129,#2976);
#2976 = DEFINITIONAL_REPRESENTATION('',(#2977),#2981);
#2977 = LINE('',#2978,#2979);
#2978 = CARTESIAN_POINT('',(5.,0.));
#2979 = VECTOR('',#2980,1.);
#2980 = DIRECTION('',(0.,-1.));
#2981 = ( GEOMETRIC_REPRESENTATION_CONTEXT(2) 
PARAMETRIC_REPRESENTATION_CONTEXT() REPRESENTATION_CONTEXT('2D SPACE',''
  ) );
#2982 = PCURVE('',#2254,#2983);
#2983 = DEFINITIONAL_REPRESENTATION('',(#2984),#2988);
#2984 = LINE('',#2985,#2986);
#2985 = CARTESIAN_POINT('',(12.,0.));
#2986 = VECTOR('',#2987,1.);
#2987 = DIRECTION('',(0.,1.));
#2988 = ( GEOMETRIC_REPRESENTATION_CONTEXT(2) 
PARAMETRIC_REPRESENTATION_CONTEXT() REPRESENTATION_CONTEXT('2D SPACE',''
  ) );
#2989 = ADVANCED_FACE('',(#2990),#1157,.T.);
#2990 = FACE_BOUND('',#2991,.T.);
#2991 = EDGE_LOOP('',(#2992,#2993,#2994,#3015));
#2992 = ORIENTED_EDGE('',*,*,#1141,.F.);
#2993 = ORIENTED_EDGE('',*,*,#2265,.T.);
#2994 = ORIENTED_EDGE('',*,*,#2995,.T.);
#2995 = EDGE_CURVE('',#2240,#2947,#2996,.T.);
#2996 = SURFACE_CURVE('',#2997,(#3001,#3008),.PCURVE_S1.);
#2997 = LINE('',#2998,#2999);
#2998 = CARTESIAN_POINT('',(41.,20.,5.));
#2999 = VECTOR('',#3000,1.);
#3000 = DIRECTION('',(1.,0.,-0.));
#3001 = PCURVE('',#1157,#3002);
#3002 = DEFINITIONAL_REPRESENTATION('',(#3003),#3007);
#3003 = LINE('',#3004,#3005);
#3004 = CARTESIAN_POINT('',(5.,0.));
#3005 = VECTOR('',#3006,1.);
#3006 = DIRECTION('',(0.,1.));
#3007 = ( GEOMETRIC_REPRESENTATION_CONTEXT(2) 
PARAMETRIC_REPRESENTATION_CONTEXT() REPRESENTATION_CONTEXT('2D SPACE',''
  ) );
#3008 = PCURVE('',#2254,#3009);
#3009 = DEFINITIONAL_REPRESENTATION('',(#3010),#3014);
#3010 = LINE('',#3011,#3012);
#3011 = CARTESIAN_POINT('',(0.,40.));
#3012 = VECTOR('',#3013,1.);
#3013 = DIRECTION('',(1.,0.));
#3014 = ( GEOMETRIC_REPRESENTATION_CONTEXT(2) 
PARAMETRIC_REPRESENTATION_CONTEXT() REPRESENTATION_CONTEXT('2D SPACE',''
  ) );
#3015 = ORIENTED_EDGE('',*,*,#2946,.F.);
#3016 = ADVANCED_FACE('',(#3017),#1278,.F.);
#3017 = FACE_BOUND('',#3018,.F.);
#3018 = EDGE_LOOP('',(#3019,#3020,#3021,#3022));
#3019 = ORIENTED_EDGE('',*,*,#1659,.F.);
#3020 = ORIENTED_EDGE('',*,*,#1262,.T.);
#3021 = ORIENTED_EDGE('',*,*,#1708,.T.);
#3022 = ORIENTED_EDGE('',*,*,#1757,.F.);
#3023 = ADVANCED_FACE('',(#3024),#1330,.F.);
#3024 = FACE_BOUND('',#3025,.F.);
#3025 = EDGE_LOOP('',(#3026,#3055,#3076,#3077));
#3026 = ORIENTED_EDGE('',*,*,#3027,.F.);
#3027 = EDGE_CURVE('',#3028,#3028,#3030,.T.);
#3028 = VERTEX_POINT('',#3029);
#3029 = CARTESIAN_POINT('',(-35.15,-23.,15.));
#3030 = SURFACE_CURVE('',#3031,(#3036,#3043),.PCURVE_S1.);
#3031 = CIRCLE('',#3032,1.35);
#3032 = AXIS2_PLACEMENT_3D('',#3033,#3034,#3035);
#3033 = CARTESIAN_POINT('',(-36.5,-23.,15.));
#3034 = DIRECTION('',(0.,0.,1.));
#3035 = DIRECTION('',(1.,0.,-0.));
#3036 = PCURVE('',#1330,#3037);
#3037 = DEFINITIONAL_REPRESENTATION('',(#3038),#3042);
#3038 = LINE('',#3039,#3040);
#3039 = CARTESIAN_POINT('',(0.,16.));
#3040 = VECTOR('',#3041,1.);
#3041 = DIRECTION('',(1.,0.));
#3042 = ( GEOMETRIC_REPRESENTATION_CONTEXT(2) 
PARAMETRIC_REPRESENTATION_CONTEXT() REPRESENTATION_CONTEXT('2D SPACE',''
  ) );
#3043 = PCURVE('',#3044,#3049);
#3044 = PLANE('',#3045);
#3045 = AXIS2_PLACEMENT_3D('',#3046,#3047,#3048);
#3046 = CARTESIAN_POINT('',(-36.5,-23.,15.));
#3047 = DIRECTION('',(0.,0.,1.));
#3048 = DIRECTION('',(1.,0.,-0.));
#3049 = DEFINITIONAL_REPRESENTATION('',(#3050),#3054);
#3050 = CIRCLE('',#3051,1.35);
#3051 = AXIS2_PLACEMENT_2D('',#3052,#3053);
#3052 = CARTESIAN_POINT('',(0.,0.));
#3053 = DIRECTION('',(1.,0.));
#3054 = ( GEOMETRIC_REPRESENTATION_CONTEXT(2) 
PARAMETRIC_REPRESENTATION_CONTEXT() REPRESENTATION_CONTEXT('2D SPACE',''
  ) );
#3055 = ORIENTED_EDGE('',*,*,#3056,.F.);
#3056 = EDGE_CURVE('',#1314,#3028,#3057,.T.);
#3057 = SEAM_CURVE('',#3058,(#3062,#3069),.PCURVE_S1.);
#3058 = LINE('',#3059,#3060);
#3059 = CARTESIAN_POINT('',(-35.15,-23.,-1.));
#3060 = VECTOR('',#3061,1.);
#3061 = DIRECTION('',(0.,0.,1.));
#3062 = PCURVE('',#1330,#3063);
#3063 = DEFINITIONAL_REPRESENTATION('',(#3064),#3068);
#3064 = LINE('',#3065,#3066);
#3065 = CARTESIAN_POINT('',(6.28318530718,-0.));
#3066 = VECTOR('',#3067,1.);
#3067 = DIRECTION('',(0.,1.));
#3068 = ( GEOMETRIC_REPRESENTATION_CONTEXT(2) 
PARAMETRIC_REPRESENTATION_CONTEXT() REPRESENTATION_CONTEXT('2D SPACE',''
  ) );
#3069 = PCURVE('',#1330,#3070);
#3070 = DEFINITIONAL_REPRESENTATION('',(#3071),#3075);
#3071 = LINE('',#3072,#3073);
#3072 = CARTESIAN_POINT('',(0.,-0.));
#3073 = VECTOR('',#3074,1.);
#3074 = DIRECTION('',(0.,1.));
#3075 = ( GEOMETRIC_REPRESENTATION_CONTEXT(2) 
PARAMETRIC_REPRESENTATION_CONTEXT() REPRESENTATION_CONTEXT('2D SPACE',''
  ) );
#3076 = ORIENTED_EDGE('',*,*,#1313,.T.);
#3077 = ORIENTED_EDGE('',*,*,#3056,.T.);
#3078 = ADVANCED_FACE('',(#3079),#1361,.F.);
#3079 = FACE_BOUND('',#3080,.F.);
#3080 = EDGE_LOOP('',(#3081,#3110,#3131,#3132));
#3081 = ORIENTED_EDGE('',*,*,#3082,.F.);
#3082 = EDGE_CURVE('',#3083,#3083,#3085,.T.);
#3083 = VERTEX_POINT('',#3084);
#3084 = CARTESIAN_POINT('',(37.85,-23.,15.));
#3085 = SURFACE_CURVE('',#3086,(#3091,#3098),.PCURVE_S1.);
#3086 = CIRCLE('',#3087,1.35);
#3087 = AXIS2_PLACEMENT_3D('',#3088,#3089,#3090);
#3088 = CARTESIAN_POINT('',(36.5,-23.,15.));
#3089 = DIRECTION('',(0.,0.,1.));
#3090 = DIRECTION('',(1.,0.,-0.));
#3091 = PCURVE('',#1361,#3092);
#3092 = DEFINITIONAL_REPRESENTATION('',(#3093),#3097);
#3093 = LINE('',#3094,#3095);
#3094 = CARTESIAN_POINT('',(0.,16.));
#3095 = VECTOR('',#3096,1.);
#3096 = DIRECTION('',(1.,0.));
#3097 = ( GEOMETRIC_REPRESENTATION_CONTEXT(2) 
PARAMETRIC_REPRESENTATION_CONTEXT() REPRESENTATION_CONTEXT('2D SPACE',''
  ) );
#3098 = PCURVE('',#3099,#3104);
#3099 = PLANE('',#3100);
#3100 = AXIS2_PLACEMENT_3D('',#3101,#3102,#3103);
#3101 = CARTESIAN_POINT('',(36.5,-23.,15.));
#3102 = DIRECTION('',(0.,0.,1.));
#3103 = DIRECTION('',(1.,0.,-0.));
#3104 = DEFINITIONAL_REPRESENTATION('',(#3105),#3109);
#3105 = CIRCLE('',#3106,1.35);
#3106 = AXIS2_PLACEMENT_2D('',#3107,#3108);
#3107 = CARTESIAN_POINT('',(0.,0.));
#3108 = DIRECTION('',(1.,0.));
#3109 = ( GEOMETRIC_REPRESENTATION_CONTEXT(2) 
PARAMETRIC_REPRESENTATION_CONTEXT() REPRESENTATION_CONTEXT('2D SPACE',''
  ) );
#3110 = ORIENTED_EDGE('',*,*,#3111,.F.);
#3111 = EDGE_CURVE('',#1345,#3083,#3112,.T.);
#3112 = SEAM_CURVE('',#3113,(#3117,#3124),.PCURVE_S1.);
#3113 = LINE('',#3114,#3115);
#3114 = CARTESIAN_POINT('',(37.85,-23.,-1.));
#3115 = VECTOR('',#3116,1.);
#3116 = DIRECTION('',(0.,0.,1.));
#3117 = PCURVE('',#1361,#3118);
#3118 = DEFINITIONAL_REPRESENTATION('',(#3119),#3123);
#3119 = LINE('',#3120,#3121);
#3120 = CARTESIAN_POINT('',(6.28318530718,-0.));
#3121 = VECTOR('',#3122,1.);
#3122 = DIRECTION('',(0.,1.));
#3123 = ( GEOMETRIC_REPRESENTATION_CONTEXT(2) 
PARAMETRIC_REPRESENTATION_CONTEXT() REPRESENTATION_CONTEXT('2D SPACE',''
  ) );
#3124 = PCURVE('',#1361,#3125);
#3125 = DEFINITIONAL_REPRESENTATION('',(#3126),#3130);
#3126 = LINE('',#3127,#3128);
#3127 = CARTESIAN_POINT('',(0.,-0.));
#3128 = VECTOR('',#3129,1.);
#3129 = DIRECTION('',(0.,1.));
#3130 = ( GEOMETRIC_REPRESENTATION_CONTEXT(2) 
PARAMETRIC_REPRESENTATION_CONTEXT() REPRESENTATION_CONTEXT('2D SPACE',''
  ) );
#3131 = ORIENTED_EDGE('',*,*,#1344,.T.);
#3132 = ORIENTED_EDGE('',*,*,#3111,.T.);
#3133 = ADVANCED_FACE('',(#3134),#1393,.F.);
#3134 = FACE_BOUND('',#3135,.F.);
#3135 = EDGE_LOOP('',(#3136,#3157,#3158,#3179));
#3136 = ORIENTED_EDGE('',*,*,#3137,.F.);
#3137 = EDGE_CURVE('',#1376,#1827,#3138,.T.);
#3138 = SURFACE_CURVE('',#3139,(#3143,#3150),.PCURVE_S1.);
#3139 = LINE('',#3140,#3141);
#3140 = CARTESIAN_POINT('',(-46.,15.,-1.));
#3141 = VECTOR('',#3142,1.);
#3142 = DIRECTION('',(0.,0.,1.));
#3143 = PCURVE('',#1393,#3144);
#3144 = DEFINITIONAL_REPRESENTATION('',(#3145),#3149);
#3145 = LINE('',#3146,#3147);
#3146 = CARTESIAN_POINT('',(0.,4.));
#3147 = VECTOR('',#3148,1.);
#3148 = DIRECTION('',(1.,0.));
#3149 = ( GEOMETRIC_REPRESENTATION_CONTEXT(2) 
PARAMETRIC_REPRESENTATION_CONTEXT() REPRESENTATION_CONTEXT('2D SPACE',''
  ) );
#3150 = PCURVE('',#1420,#3151);
#3151 = DEFINITIONAL_REPRESENTATION('',(#3152),#3156);
#3152 = LINE('',#3153,#3154);
#3153 = CARTESIAN_POINT('',(0.,-30.));
#3154 = VECTOR('',#3155,1.);
#3155 = DIRECTION('',(1.,0.));
#3156 = ( GEOMETRIC_REPRESENTATION_CONTEXT(2) 
PARAMETRIC_REPRESENTATION_CONTEXT() REPRESENTATION_CONTEXT('2D SPACE',''
  ) );
#3157 = ORIENTED_EDGE('',*,*,#1375,.T.);
#3158 = ORIENTED_EDGE('',*,*,#3159,.T.);
#3159 = EDGE_CURVE('',#1378,#1806,#3160,.T.);
#3160 = SURFACE_CURVE('',#3161,(#3165,#3172),.PCURVE_S1.);
#3161 = LINE('',#3162,#3163);
#3162 = CARTESIAN_POINT('',(-50.,15.,-1.));
#3163 = VECTOR('',#3164,1.);
#3164 = DIRECTION('',(0.,0.,1.));
#3165 = PCURVE('',#1393,#3166);
#3166 = DEFINITIONAL_REPRESENTATION('',(#3167),#3171);
#3167 = LINE('',#3168,#3169);
#3168 = CARTESIAN_POINT('',(0.,0.));
#3169 = VECTOR('',#3170,1.);
#3170 = DIRECTION('',(1.,0.));
#3171 = ( GEOMETRIC_REPRESENTATION_CONTEXT(2) 
PARAMETRIC_REPRESENTATION_CONTEXT() REPRESENTATION_CONTEXT('2D SPACE',''
  ) );
#3172 = PCURVE('',#1472,#3173);
#3173 = DEFINITIONAL_REPRESENTATION('',(#3174),#3178);
#3174 = LINE('',#3175,#3176);
#3175 = CARTESIAN_POINT('',(0.,-30.));
#3176 = VECTOR('',#3177,1.);
#3177 = DIRECTION('',(1.,0.));
#3178 = ( GEOMETRIC_REPRESENTATION_CONTEXT(2) 
PARAMETRIC_REPRESENTATION_CONTEXT() REPRESENTATION_CONTEXT('2D SPACE',''
  ) );
#3179 = ORIENTED_EDGE('',*,*,#1826,.F.);
#3180 = ADVANCED_FACE('',(#3181),#1420,.F.);
#3181 = FACE_BOUND('',#3182,.F.);
#3182 = EDGE_LOOP('',(#3183,#3204,#3205,#3206));
#3183 = ORIENTED_EDGE('',*,*,#3184,.F.);
#3184 = EDGE_CURVE('',#1405,#1783,#3185,.T.);
#3185 = SURFACE_CURVE('',#3186,(#3190,#3197),.PCURVE_S1.);
#3186 = LINE('',#3187,#3188);
#3187 = CARTESIAN_POINT('',(-46.,-15.,-1.));
#3188 = VECTOR('',#3189,1.);
#3189 = DIRECTION('',(0.,0.,1.));
#3190 = PCURVE('',#1420,#3191);
#3191 = DEFINITIONAL_REPRESENTATION('',(#3192),#3196);
#3192 = LINE('',#3193,#3194);
#3193 = CARTESIAN_POINT('',(0.,0.));
#3194 = VECTOR('',#3195,1.);
#3195 = DIRECTION('',(1.,0.));
#3196 = ( GEOMETRIC_REPRESENTATION_CONTEXT(2) 
PARAMETRIC_REPRESENTATION_CONTEXT() REPRESENTATION_CONTEXT('2D SPACE',''
  ) );
#3197 = PCURVE('',#1447,#3198);
#3198 = DEFINITIONAL_REPRESENTATION('',(#3199),#3203);
#3199 = LINE('',#3200,#3201);
#3200 = CARTESIAN_POINT('',(0.,4.));
#3201 = VECTOR('',#3202,1.);
#3202 = DIRECTION('',(1.,0.));
#3203 = ( GEOMETRIC_REPRESENTATION_CONTEXT(2) 
PARAMETRIC_REPRESENTATION_CONTEXT() REPRESENTATION_CONTEXT('2D SPACE',''
  ) );
#3204 = ORIENTED_EDGE('',*,*,#1404,.T.);
#3205 = ORIENTED_EDGE('',*,*,#3137,.T.);
#3206 = ORIENTED_EDGE('',*,*,#1847,.F.);
#3207 = ADVANCED_FACE('',(#3208),#1447,.T.);
#3208 = FACE_BOUND('',#3209,.T.);
#3209 = EDGE_LOOP('',(#3210,#3211,#3212,#3233));
#3210 = ORIENTED_EDGE('',*,*,#3184,.F.);
#3211 = ORIENTED_EDGE('',*,*,#1431,.T.);
#3212 = ORIENTED_EDGE('',*,*,#3213,.T.);
#3213 = EDGE_CURVE('',#1432,#1785,#3214,.T.);
#3214 = SURFACE_CURVE('',#3215,(#3219,#3226),.PCURVE_S1.);
#3215 = LINE('',#3216,#3217);
#3216 = CARTESIAN_POINT('',(-50.,-15.,-1.));
#3217 = VECTOR('',#3218,1.);
#3218 = DIRECTION('',(0.,0.,1.));
#3219 = PCURVE('',#1447,#3220);
#3220 = DEFINITIONAL_REPRESENTATION('',(#3221),#3225);
#3221 = LINE('',#3222,#3223);
#3222 = CARTESIAN_POINT('',(0.,0.));
#3223 = VECTOR('',#3224,1.);
#3224 = DIRECTION('',(1.,0.));
#3225 = ( GEOMETRIC_REPRESENTATION_CONTEXT(2) 
PARAMETRIC_REPRESENTATION_CONTEXT() REPRESENTATION_CONTEXT('2D SPACE',''
  ) );
#3226 = PCURVE('',#1472,#3227);
#3227 = DEFINITIONAL_REPRESENTATION('',(#3228),#3232);
#3228 = LINE('',#3229,#3230);
#3229 = CARTESIAN_POINT('',(0.,0.));
#3230 = VECTOR('',#3231,1.);
#3231 = DIRECTION('',(1.,0.));
#3232 = ( GEOMETRIC_REPRESENTATION_CONTEXT(2) 
PARAMETRIC_REPRESENTATION_CONTEXT() REPRESENTATION_CONTEXT('2D SPACE',''
  ) );
#3233 = ORIENTED_EDGE('',*,*,#1782,.F.);
#3234 = ADVANCED_FACE('',(#3235),#1472,.T.);
#3235 = FACE_BOUND('',#3236,.T.);
#3236 = EDGE_LOOP('',(#3237,#3238,#3239,#3240));
#3237 = ORIENTED_EDGE('',*,*,#3213,.F.);
#3238 = ORIENTED_EDGE('',*,*,#1458,.T.);
#3239 = ORIENTED_EDGE('',*,*,#3159,.T.);
#3240 = ORIENTED_EDGE('',*,*,#1805,.F.);
#3241 = ADVANCED_FACE('',(#3242),#1502,.F.);
#3242 = FACE_BOUND('',#3243,.F.);
#3243 = EDGE_LOOP('',(#3244,#3273,#3294,#3295));
#3244 = ORIENTED_EDGE('',*,*,#3245,.F.);
#3245 = EDGE_CURVE('',#3246,#3246,#3248,.T.);
#3246 = VERTEX_POINT('',#3247);
#3247 = CARTESIAN_POINT('',(-35.15,23.,15.));
#3248 = SURFACE_CURVE('',#3249,(#3254,#3261),.PCURVE_S1.);
#3249 = CIRCLE('',#3250,1.35);
#3250 = AXIS2_PLACEMENT_3D('',#3251,#3252,#3253);
#3251 = CARTESIAN_POINT('',(-36.5,23.,15.));
#3252 = DIRECTION('',(0.,0.,1.));
#3253 = DIRECTION('',(1.,0.,-0.));
#3254 = PCURVE('',#1502,#3255);
#3255 = DEFINITIONAL_REPRESENTATION('',(#3256),#3260);
#3256 = LINE('',#3257,#3258);
#3257 = CARTESIAN_POINT('',(0.,16.));
#3258 = VECTOR('',#3259,1.);
#3259 = DIRECTION('',(1.,0.));
#3260 = ( GEOMETRIC_REPRESENTATION_CONTEXT(2) 
PARAMETRIC_REPRESENTATION_CONTEXT() REPRESENTATION_CONTEXT('2D SPACE',''
  ) );
#3261 = PCURVE('',#3262,#3267);
#3262 = PLANE('',#3263);
#3263 = AXIS2_PLACEMENT_3D('',#3264,#3265,#3266);
#3264 = CARTESIAN_POINT('',(-36.5,23.,15.));
#3265 = DIRECTION('',(0.,0.,1.));
#3266 = DIRECTION('',(1.,0.,-0.));
#3267 = DEFINITIONAL_REPRESENTATION('',(#3268),#3272);
#3268 = CIRCLE('',#3269,1.35);
#3269 = AXIS2_PLACEMENT_2D('',#3270,#3271);
#3270 = CARTESIAN_POINT('',(0.,0.));
#3271 = DIRECTION('',(1.,0.));
#3272 = ( GEOMETRIC_REPRESENTATION_CONTEXT(2) 
PARAMETRIC_REPRESENTATION_CONTEXT() REPRESENTATION_CONTEXT('2D SPACE',''
  ) );
#3273 = ORIENTED_EDGE('',*,*,#3274,.F.);
#3274 = EDGE_CURVE('',#1486,#3246,#3275,.T.);
#3275 = SEAM_CURVE('',#3276,(#3280,#3287),.PCURVE_S1.);
#3276 = LINE('',#3277,#3278);
#3277 = CARTESIAN_POINT('',(-35.15,23.,-1.));
#3278 = VECTOR('',#3279,1.);
#3279 = DIRECTION('',(0.,0.,1.));
#3280 = PCURVE('',#1502,#3281);
#3281 = DEFINITIONAL_REPRESENTATION('',(#3282),#3286);
#3282 = LINE('',#3283,#3284);
#3283 = CARTESIAN_POINT('',(6.28318530718,-0.));
#3284 = VECTOR('',#3285,1.);
#3285 = DIRECTION('',(0.,1.));
#3286 = ( GEOMETRIC_REPRESENTATION_CONTEXT(2) 
PARAMETRIC_REPRESENTATION_CONTEXT() REPRESENTATION_CONTEXT('2D SPACE',''
  ) );
#3287 = PCURVE('',#1502,#3288);
#3288 = DEFINITIONAL_REPRESENTATION('',(#3289),#3293);
#3289 = LINE('',#3290,#3291);
#3290 = CARTESIAN_POINT('',(0.,-0.));
#3291 = VECTOR('',#3292,1.);
#3292 = DIRECTION('',(0.,1.));
#3293 = ( GEOMETRIC_REPRESENTATION_CONTEXT(2) 
PARAMETRIC_REPRESENTATION_CONTEXT() REPRESENTATION_CONTEXT('2D SPACE',''
  ) );
#3294 = ORIENTED_EDGE('',*,*,#1485,.T.);
#3295 = ORIENTED_EDGE('',*,*,#3274,.T.);
#3296 = ADVANCED_FACE('',(#3297),#1533,.F.);
#3297 = FACE_BOUND('',#3298,.F.);
#3298 = EDGE_LOOP('',(#3299,#3328,#3349,#3350));
#3299 = ORIENTED_EDGE('',*,*,#3300,.F.);
#3300 = EDGE_CURVE('',#3301,#3301,#3303,.T.);
#3301 = VERTEX_POINT('',#3302);
#3302 = CARTESIAN_POINT('',(37.85,23.,15.));
#3303 = SURFACE_CURVE('',#3304,(#3309,#3316),.PCURVE_S1.);
#3304 = CIRCLE('',#3305,1.35);
#3305 = AXIS2_PLACEMENT_3D('',#3306,#3307,#3308);
#3306 = CARTESIAN_POINT('',(36.5,23.,15.));
#3307 = DIRECTION('',(0.,0.,1.));
#3308 = DIRECTION('',(1.,0.,-0.));
#3309 = PCURVE('',#1533,#3310);
#3310 = DEFINITIONAL_REPRESENTATION('',(#3311),#3315);
#3311 = LINE('',#3312,#3313);
#3312 = CARTESIAN_POINT('',(0.,16.));
#3313 = VECTOR('',#3314,1.);
#3314 = DIRECTION('',(1.,0.));
#3315 = ( GEOMETRIC_REPRESENTATION_CONTEXT(2) 
PARAMETRIC_REPRESENTATION_CONTEXT() REPRESENTATION_CONTEXT('2D SPACE',''
  ) );
#3316 = PCURVE('',#3317,#3322);
#3317 = PLANE('',#3318);
#3318 = AXIS2_PLACEMENT_3D('',#3319,#3320,#3321);
#3319 = CARTESIAN_POINT('',(36.5,23.,15.));
#3320 = DIRECTION('',(0.,0.,1.));
#3321 = DIRECTION('',(1.,0.,-0.));
#3322 = DEFINITIONAL_REPRESENTATION('',(#3323),#3327);
#3323 = CIRCLE('',#3324,1.35);
#3324 = AXIS2_PLACEMENT_2D('',#3325,#3326);
#3325 = CARTESIAN_POINT('',(0.,0.));
#3326 = DIRECTION('',(1.,0.));
#3327 = ( GEOMETRIC_REPRESENTATION_CONTEXT(2) 
PARAMETRIC_REPRESENTATION_CONTEXT() REPRESENTATION_CONTEXT('2D SPACE',''
  ) );
#3328 = ORIENTED_EDGE('',*,*,#3329,.F.);
#3329 = EDGE_CURVE('',#1517,#3301,#3330,.T.);
#3330 = SEAM_CURVE('',#3331,(#3335,#3342),.PCURVE_S1.);
#3331 = LINE('',#3332,#3333);
#3332 = CARTESIAN_POINT('',(37.85,23.,-1.));
#3333 = VECTOR('',#3334,1.);
#3334 = DIRECTION('',(0.,0.,1.));
#3335 = PCURVE('',#1533,#3336);
#3336 = DEFINITIONAL_REPRESENTATION('',(#3337),#3341);
#3337 = LINE('',#3338,#3339);
#3338 = CARTESIAN_POINT('',(6.28318530718,-0.));
#3339 = VECTOR('',#3340,1.);
#3340 = DIRECTION('',(0.,1.));
#3341 = ( GEOMETRIC_REPRESENTATION_CONTEXT(2) 
PARAMETRIC_REPRESENTATION_CONTEXT() REPRESENTATION_CONTEXT('2D SPACE',''
  ) );
#3342 = PCURVE('',#1533,#3343);
#3343 = DEFINITIONAL_REPRESENTATION('',(#3344),#3348);
#3344 = LINE('',#3345,#3346);
#3345 = CARTESIAN_POINT('',(0.,-0.));
#3346 = VECTOR('',#3347,1.);
#3347 = DIRECTION('',(0.,1.));
#3348 = ( GEOMETRIC_REPRESENTATION_CONTEXT(2) 
PARAMETRIC_REPRESENTATION_CONTEXT() REPRESENTATION_CONTEXT('2D SPACE',''
  ) );
#3349 = ORIENTED_EDGE('',*,*,#1516,.T.);
#3350 = ORIENTED_EDGE('',*,*,#3329,.T.);
#3351 = ADVANCED_FACE('',(#3352),#1565,.F.);
#3352 = FACE_BOUND('',#3353,.F.);
#3353 = EDGE_LOOP('',(#3354,#3377,#3378,#3401));
#3354 = ORIENTED_EDGE('',*,*,#3355,.F.);
#3355 = EDGE_CURVE('',#1548,#3356,#3358,.T.);
#3356 = VERTEX_POINT('',#3357);
#3357 = CARTESIAN_POINT('',(50.,15.,5.));
#3358 = SURFACE_CURVE('',#3359,(#3363,#3370),.PCURVE_S1.);
#3359 = LINE('',#3360,#3361);
#3360 = CARTESIAN_POINT('',(50.,15.,-1.));
#3361 = VECTOR('',#3362,1.);
#3362 = DIRECTION('',(0.,0.,1.));
#3363 = PCURVE('',#1565,#3364);
#3364 = DEFINITIONAL_REPRESENTATION('',(#3365),#3369);
#3365 = LINE('',#3366,#3367);
#3366 = CARTESIAN_POINT('',(0.,4.));
#3367 = VECTOR('',#3368,1.);
#3368 = DIRECTION('',(1.,0.));
#3369 = ( GEOMETRIC_REPRESENTATION_CONTEXT(2) 
PARAMETRIC_REPRESENTATION_CONTEXT() REPRESENTATION_CONTEXT('2D SPACE',''
  ) );
#3370 = PCURVE('',#1592,#3371);
#3371 = DEFINITIONAL_REPRESENTATION('',(#3372),#3376);
#3372 = LINE('',#3373,#3374);
#3373 = CARTESIAN_POINT('',(0.,-30.));
#3374 = VECTOR('',#3375,1.);
#3375 = DIRECTION('',(1.,0.));
#3376 = ( GEOMETRIC_REPRESENTATION_CONTEXT(2) 
PARAMETRIC_REPRESENTATION_CONTEXT() REPRESENTATION_CONTEXT('2D SPACE',''
  ) );
#3377 = ORIENTED_EDGE('',*,*,#1547,.T.);
#3378 = ORIENTED_EDGE('',*,*,#3379,.T.);
#3379 = EDGE_CURVE('',#1550,#3380,#3382,.T.);
#3380 = VERTEX_POINT('',#3381);
#3381 = CARTESIAN_POINT('',(46.,15.,5.));
#3382 = SURFACE_CURVE('',#3383,(#3387,#3394),.PCURVE_S1.);
#3383 = LINE('',#3384,#3385);
#3384 = CARTESIAN_POINT('',(46.,15.,-1.));
#3385 = VECTOR('',#3386,1.);
#3386 = DIRECTION('',(0.,0.,1.));
#3387 = PCURVE('',#1565,#3388);
#3388 = DEFINITIONAL_REPRESENTATION('',(#3389),#3393);
#3389 = LINE('',#3390,#3391);
#3390 = CARTESIAN_POINT('',(0.,0.));
#3391 = VECTOR('',#3392,1.);
#3392 = DIRECTION('',(1.,0.));
#3393 = ( GEOMETRIC_REPRESENTATION_CONTEXT(2) 
PARAMETRIC_REPRESENTATION_CONTEXT() REPRESENTATION_CONTEXT('2D SPACE',''
  ) );
#3394 = PCURVE('',#1644,#3395);
#3395 = DEFINITIONAL_REPRESENTATION('',(#3396),#3400);
#3396 = LINE('',#3397,#3398);
#3397 = CARTESIAN_POINT('',(0.,-30.));
#3398 = VECTOR('',#3399,1.);
#3399 = DIRECTION('',(1.,0.));
#3400 = ( GEOMETRIC_REPRESENTATION_CONTEXT(2) 
PARAMETRIC_REPRESENTATION_CONTEXT() REPRESENTATION_CONTEXT('2D SPACE',''
  ) );
#3401 = ORIENTED_EDGE('',*,*,#3402,.F.);
#3402 = EDGE_CURVE('',#3356,#3380,#3403,.T.);
#3403 = SURFACE_CURVE('',#3404,(#3408,#3414),.PCURVE_S1.);
#3404 = LINE('',#3405,#3406);
#3405 = CARTESIAN_POINT('',(43.5,15.,5.));
#3406 = VECTOR('',#3407,1.);
#3407 = DIRECTION('',(-1.,-0.,0.));
#3408 = PCURVE('',#1565,#3409);
#3409 = DEFINITIONAL_REPRESENTATION('',(#3410),#3413);
#3410 = B_SPLINE_CURVE_WITH_KNOTS('',1,(#3411,#3412),.UNSPECIFIED.,.F.,
  .F.,(2,2),(-6.5,-2.5),.PIECEWISE_BEZIER_KNOTS.);
#3411 = CARTESIAN_POINT('',(6.,4.));
#3412 = CARTESIAN_POINT('',(6.,0.));
#3413 = ( GEOMETRIC_REPRESENTATION_CONTEXT(2) 
PARAMETRIC_REPRESENTATION_CONTEXT() REPRESENTATION_CONTEXT('2D SPACE',''
  ) );
#3414 = PCURVE('',#2254,#3415);
#3415 = DEFINITIONAL_REPRESENTATION('',(#3416),#3419);
#3416 = B_SPLINE_CURVE_WITH_KNOTS('',1,(#3417,#3418),.UNSPECIFIED.,.F.,
  .F.,(2,2),(-6.5,-2.5),.PIECEWISE_BEZIER_KNOTS.);
#3417 = CARTESIAN_POINT('',(9.,35.));
#3418 = CARTESIAN_POINT('',(5.,35.));
#3419 = ( GEOMETRIC_REPRESENTATION_CONTEXT(2) 
PARAMETRIC_REPRESENTATION_CONTEXT() REPRESENTATION_CONTEXT('2D SPACE',''
  ) );
#3420 = ADVANCED_FACE('',(#3421),#1592,.F.);
#3421 = FACE_BOUND('',#3422,.F.);
#3422 = EDGE_LOOP('',(#3423,#3446,#3447,#3448));
#3423 = ORIENTED_EDGE('',*,*,#3424,.F.);
#3424 = EDGE_CURVE('',#1577,#3425,#3427,.T.);
#3425 = VERTEX_POINT('',#3426);
#3426 = CARTESIAN_POINT('',(50.,-15.,5.));
#3427 = SURFACE_CURVE('',#3428,(#3432,#3439),.PCURVE_S1.);
#3428 = LINE('',#3429,#3430);
#3429 = CARTESIAN_POINT('',(50.,-15.,-1.));
#3430 = VECTOR('',#3431,1.);
#3431 = DIRECTION('',(0.,0.,1.));
#3432 = PCURVE('',#1592,#3433);
#3433 = DEFINITIONAL_REPRESENTATION('',(#3434),#3438);
#3434 = LINE('',#3435,#3436);
#3435 = CARTESIAN_POINT('',(0.,0.));
#3436 = VECTOR('',#3437,1.);
#3437 = DIRECTION('',(1.,0.));
#3438 = ( GEOMETRIC_REPRESENTATION_CONTEXT(2) 
PARAMETRIC_REPRESENTATION_CONTEXT() REPRESENTATION_CONTEXT('2D SPACE',''
  ) );
#3439 = PCURVE('',#1619,#3440);
#3440 = DEFINITIONAL_REPRESENTATION('',(#3441),#3445);
#3441 = LINE('',#3442,#3443);
#3442 = CARTESIAN_POINT('',(0.,4.));
#3443 = VECTOR('',#3444,1.);
#3444 = DIRECTION('',(1.,0.));
#3445 = ( GEOMETRIC_REPRESENTATION_CONTEXT(2) 
PARAMETRIC_REPRESENTATION_CONTEXT() REPRESENTATION_CONTEXT('2D SPACE',''
  ) );
#3446 = ORIENTED_EDGE('',*,*,#1576,.T.);
#3447 = ORIENTED_EDGE('',*,*,#3355,.T.);
#3448 = ORIENTED_EDGE('',*,*,#3449,.F.);
#3449 = EDGE_CURVE('',#3425,#3356,#3450,.T.);
#3450 = SURFACE_CURVE('',#3451,(#3455,#3461),.PCURVE_S1.);
#3451 = LINE('',#3452,#3453);
#3452 = CARTESIAN_POINT('',(50.,-17.5,5.));
#3453 = VECTOR('',#3454,1.);
#3454 = DIRECTION('',(-0.,1.,0.));
#3455 = PCURVE('',#1592,#3456);
#3456 = DEFINITIONAL_REPRESENTATION('',(#3457),#3460);
#3457 = B_SPLINE_CURVE_WITH_KNOTS('',1,(#3458,#3459),.UNSPECIFIED.,.F.,
  .F.,(2,2),(2.5,32.5),.PIECEWISE_BEZIER_KNOTS.);
#3458 = CARTESIAN_POINT('',(6.,0.));
#3459 = CARTESIAN_POINT('',(6.,-30.));
#3460 = ( GEOMETRIC_REPRESENTATION_CONTEXT(2) 
PARAMETRIC_REPRESENTATION_CONTEXT() REPRESENTATION_CONTEXT('2D SPACE',''
  ) );
#3461 = PCURVE('',#2254,#3462);
#3462 = DEFINITIONAL_REPRESENTATION('',(#3463),#3466);
#3463 = B_SPLINE_CURVE_WITH_KNOTS('',1,(#3464,#3465),.UNSPECIFIED.,.F.,
  .F.,(2,2),(2.5,32.5),.PIECEWISE_BEZIER_KNOTS.);
#3464 = CARTESIAN_POINT('',(9.,5.));
#3465 = CARTESIAN_POINT('',(9.,35.));
#3466 = ( GEOMETRIC_REPRESENTATION_CONTEXT(2) 
PARAMETRIC_REPRESENTATION_CONTEXT() REPRESENTATION_CONTEXT('2D SPACE',''
  ) );
#3467 = ADVANCED_FACE('',(#3468),#1619,.T.);
#3468 = FACE_BOUND('',#3469,.T.);
#3469 = EDGE_LOOP('',(#3470,#3471,#3472,#3495));
#3470 = ORIENTED_EDGE('',*,*,#3424,.F.);
#3471 = ORIENTED_EDGE('',*,*,#1603,.T.);
#3472 = ORIENTED_EDGE('',*,*,#3473,.T.);
#3473 = EDGE_CURVE('',#1604,#3474,#3476,.T.);
#3474 = VERTEX_POINT('',#3475);
#3475 = CARTESIAN_POINT('',(46.,-15.,5.));
#3476 = SURFACE_CURVE('',#3477,(#3481,#3488),.PCURVE_S1.);
#3477 = LINE('',#3478,#3479);
#3478 = CARTESIAN_POINT('',(46.,-15.,-1.));
#3479 = VECTOR('',#3480,1.);
#3480 = DIRECTION('',(0.,0.,1.));
#3481 = PCURVE('',#1619,#3482);
#3482 = DEFINITIONAL_REPRESENTATION('',(#3483),#3487);
#3483 = LINE('',#3484,#3485);
#3484 = CARTESIAN_POINT('',(0.,0.));
#3485 = VECTOR('',#3486,1.);
#3486 = DIRECTION('',(1.,0.));
#3487 = ( GEOMETRIC_REPRESENTATION_CONTEXT(2) 
PARAMETRIC_REPRESENTATION_CONTEXT() REPRESENTATION_CONTEXT('2D SPACE',''
  ) );
#3488 = PCURVE('',#1644,#3489);
#3489 = DEFINITIONAL_REPRESENTATION('',(#3490),#3494);
#3490 = LINE('',#3491,#3492);
#3491 = CARTESIAN_POINT('',(0.,0.));
#3492 = VECTOR('',#3493,1.);
#3493 = DIRECTION('',(1.,0.));
#3494 = ( GEOMETRIC_REPRESENTATION_CONTEXT(2) 
PARAMETRIC_REPRESENTATION_CONTEXT() REPRESENTATION_CONTEXT('2D SPACE',''
  ) );
#3495 = ORIENTED_EDGE('',*,*,#3496,.F.);
#3496 = EDGE_CURVE('',#3425,#3474,#3497,.T.);
#3497 = SURFACE_CURVE('',#3498,(#3502,#3508),.PCURVE_S1.);
#3498 = LINE('',#3499,#3500);
#3499 = CARTESIAN_POINT('',(43.5,-15.,5.));
#3500 = VECTOR('',#3501,1.);
#3501 = DIRECTION('',(-1.,-0.,0.));
#3502 = PCURVE('',#1619,#3503);
#3503 = DEFINITIONAL_REPRESENTATION('',(#3504),#3507);
#3504 = B_SPLINE_CURVE_WITH_KNOTS('',1,(#3505,#3506),.UNSPECIFIED.,.F.,
  .F.,(2,2),(-6.5,-2.5),.PIECEWISE_BEZIER_KNOTS.);
#3505 = CARTESIAN_POINT('',(6.,4.));
#3506 = CARTESIAN_POINT('',(6.,0.));
#3507 = ( GEOMETRIC_REPRESENTATION_CONTEXT(2) 
PARAMETRIC_REPRESENTATION_CONTEXT() REPRESENTATION_CONTEXT('2D SPACE',''
  ) );
#3508 = PCURVE('',#2254,#3509);
#3509 = DEFINITIONAL_REPRESENTATION('',(#3510),#3513);
#3510 = B_SPLINE_CURVE_WITH_KNOTS('',1,(#3511,#3512),.UNSPECIFIED.,.F.,
  .F.,(2,2),(-6.5,-2.5),.PIECEWISE_BEZIER_KNOTS.);
#3511 = CARTESIAN_POINT('',(9.,5.));
#3512 = CARTESIAN_POINT('',(5.,5.));
#3513 = ( GEOMETRIC_REPRESENTATION_CONTEXT(2) 
PARAMETRIC_REPRESENTATION_CONTEXT() REPRESENTATION_CONTEXT('2D SPACE',''
  ) );
#3514 = ADVANCED_FACE('',(#3515),#1644,.T.);
#3515 = FACE_BOUND('',#3516,.T.);
#3516 = EDGE_LOOP('',(#3517,#3518,#3519,#3520));
#3517 = ORIENTED_EDGE('',*,*,#3473,.F.);
#3518 = ORIENTED_EDGE('',*,*,#1630,.T.);
#3519 = ORIENTED_EDGE('',*,*,#3379,.T.);
#3520 = ORIENTED_EDGE('',*,*,#3521,.F.);
#3521 = EDGE_CURVE('',#3474,#3380,#3522,.T.);
#3522 = SURFACE_CURVE('',#3523,(#3527,#3533),.PCURVE_S1.);
#3523 = LINE('',#3524,#3525);
#3524 = CARTESIAN_POINT('',(46.,-17.5,5.));
#3525 = VECTOR('',#3526,1.);
#3526 = DIRECTION('',(-0.,1.,0.));
#3527 = PCURVE('',#1644,#3528);
#3528 = DEFINITIONAL_REPRESENTATION('',(#3529),#3532);
#3529 = B_SPLINE_CURVE_WITH_KNOTS('',1,(#3530,#3531),.UNSPECIFIED.,.F.,
  .F.,(2,2),(2.5,32.5),.PIECEWISE_BEZIER_KNOTS.);
#3530 = CARTESIAN_POINT('',(6.,0.));
#3531 = CARTESIAN_POINT('',(6.,-30.));
#3532 = ( GEOMETRIC_REPRESENTATION_CONTEXT(2) 
PARAMETRIC_REPRESENTATION_CONTEXT() REPRESENTATION_CONTEXT('2D SPACE',''
  ) );
#3533 = PCURVE('',#2254,#3534);
#3534 = DEFINITIONAL_REPRESENTATION('',(#3535),#3538);
#3535 = B_SPLINE_CURVE_WITH_KNOTS('',1,(#3536,#3537),.UNSPECIFIED.,.F.,
  .F.,(2,2),(2.5,32.5),.PIECEWISE_BEZIER_KNOTS.);
#3536 = CARTESIAN_POINT('',(5.,5.));
#3537 = CARTESIAN_POINT('',(5.,35.));
#3538 = ( GEOMETRIC_REPRESENTATION_CONTEXT(2) 
PARAMETRIC_REPRESENTATION_CONTEXT() REPRESENTATION_CONTEXT('2D SPACE',''
  ) );
#3539 = ADVANCED_FACE('',(#3540,#3546),#2254,.T.);
#3540 = FACE_BOUND('',#3541,.T.);
#3541 = EDGE_LOOP('',(#3542,#3543,#3544,#3545));
#3542 = ORIENTED_EDGE('',*,*,#2995,.F.);
#3543 = ORIENTED_EDGE('',*,*,#2239,.T.);
#3544 = ORIENTED_EDGE('',*,*,#2897,.T.);
#3545 = ORIENTED_EDGE('',*,*,#2969,.T.);
#3546 = FACE_BOUND('',#3547,.T.);
#3547 = EDGE_LOOP('',(#3548,#3549,#3550,#3551));
#3548 = ORIENTED_EDGE('',*,*,#3496,.T.);
#3549 = ORIENTED_EDGE('',*,*,#3521,.T.);
#3550 = ORIENTED_EDGE('',*,*,#3402,.F.);
#3551 = ORIENTED_EDGE('',*,*,#3449,.F.);
#3552 = ADVANCED_FACE('',(#3553,#3567,#3627,#3687,#3747),#2329,.T.);
#3553 = FACE_BOUND('',#3554,.T.);
#3554 = EDGE_LOOP('',(#3555,#3556,#3557,#3558,#3559,#3560,#3561,#3562,
    #3563,#3564,#3565,#3566));
#3555 = ORIENTED_EDGE('',*,*,#2861,.F.);
#3556 = ORIENTED_EDGE('',*,*,#2312,.T.);
#3557 = ORIENTED_EDGE('',*,*,#2482,.T.);
#3558 = ORIENTED_EDGE('',*,*,#2435,.T.);
#3559 = ORIENTED_EDGE('',*,*,#2366,.T.);
#3560 = ORIENTED_EDGE('',*,*,#2532,.F.);
#3561 = ORIENTED_EDGE('',*,*,#2565,.T.);
#3562 = ORIENTED_EDGE('',*,*,#2613,.T.);
#3563 = ORIENTED_EDGE('',*,*,#2662,.F.);
#3564 = ORIENTED_EDGE('',*,*,#2709,.F.);
#3565 = ORIENTED_EDGE('',*,*,#2756,.F.);
#3566 = ORIENTED_EDGE('',*,*,#2828,.F.);
#3567 = FACE_BOUND('',#3568,.T.);
#3568 = EDGE_LOOP('',(#3569,#3600));
#3569 = ORIENTED_EDGE('',*,*,#3570,.F.);
#3570 = EDGE_CURVE('',#3571,#3573,#3575,.T.);
#3571 = VERTEX_POINT('',#3572);
#3572 = CARTESIAN_POINT('',(-36.5,-26.5,2.));
#3573 = VERTEX_POINT('',#3574);
#3574 = CARTESIAN_POINT('',(-33.,-23.,2.));
#3575 = SURFACE_CURVE('',#3576,(#3581,#3588),.PCURVE_S1.);
#3576 = CIRCLE('',#3577,3.5);
#3577 = AXIS2_PLACEMENT_3D('',#3578,#3579,#3580);
#3578 = CARTESIAN_POINT('',(-36.5,-23.,2.));
#3579 = DIRECTION('',(0.,0.,1.));
#3580 = DIRECTION('',(1.,0.,-0.));
#3581 = PCURVE('',#2329,#3582);
#3582 = DEFINITIONAL_REPRESENTATION('',(#3583),#3587);
#3583 = CIRCLE('',#3584,3.5);
#3584 = AXIS2_PLACEMENT_2D('',#3585,#3586);
#3585 = CARTESIAN_POINT('',(4.,3.5));
#3586 = DIRECTION('',(1.,0.));
#3587 = ( GEOMETRIC_REPRESENTATION_CONTEXT(2) 
PARAMETRIC_REPRESENTATION_CONTEXT() REPRESENTATION_CONTEXT('2D SPACE',''
  ) );
#3588 = PCURVE('',#3589,#3594);
#3589 = CYLINDRICAL_SURFACE('',#3590,3.5);
#3590 = AXIS2_PLACEMENT_3D('',#3591,#3592,#3593);
#3591 = CARTESIAN_POINT('',(-36.5,-23.,2.));
#3592 = DIRECTION('',(0.,0.,1.));
#3593 = DIRECTION('',(1.,0.,-0.));
#3594 = DEFINITIONAL_REPRESENTATION('',(#3595),#3599);
#3595 = LINE('',#3596,#3597);
#3596 = CARTESIAN_POINT('',(0.,0.));
#3597 = VECTOR('',#3598,1.);
#3598 = DIRECTION('',(1.,0.));
#3599 = ( GEOMETRIC_REPRESENTATION_CONTEXT(2) 
PARAMETRIC_REPRESENTATION_CONTEXT() REPRESENTATION_CONTEXT('2D SPACE',''
  ) );
#3600 = ORIENTED_EDGE('',*,*,#3601,.F.);
#3601 = EDGE_CURVE('',#3573,#3571,#3602,.T.);
#3602 = SURFACE_CURVE('',#3603,(#3608,#3615),.PCURVE_S1.);
#3603 = CIRCLE('',#3604,3.5);
#3604 = AXIS2_PLACEMENT_3D('',#3605,#3606,#3607);
#3605 = CARTESIAN_POINT('',(-36.5,-23.,2.));
#3606 = DIRECTION('',(0.,0.,1.));
#3607 = DIRECTION('',(1.,0.,-0.));
#3608 = PCURVE('',#2329,#3609);
#3609 = DEFINITIONAL_REPRESENTATION('',(#3610),#3614);
#3610 = CIRCLE('',#3611,3.5);
#3611 = AXIS2_PLACEMENT_2D('',#3612,#3613);
#3612 = CARTESIAN_POINT('',(4.,3.5));
#3613 = DIRECTION('',(1.,0.));
#3614 = ( GEOMETRIC_REPRESENTATION_CONTEXT(2) 
PARAMETRIC_REPRESENTATION_CONTEXT() REPRESENTATION_CONTEXT('2D SPACE',''
  ) );
#3615 = PCURVE('',#3616,#3621);
#3616 = CYLINDRICAL_SURFACE('',#3617,3.5);
#3617 = AXIS2_PLACEMENT_3D('',#3618,#3619,#3620);
#3618 = CARTESIAN_POINT('',(-36.5,-23.,2.));
#3619 = DIRECTION('',(0.,0.,1.));
#3620 = DIRECTION('',(1.,0.,-0.));
#3621 = DEFINITIONAL_REPRESENTATION('',(#3622),#3626);
#3622 = LINE('',#3623,#3624);
#3623 = CARTESIAN_POINT('',(0.,0.));
#3624 = VECTOR('',#3625,1.);
#3625 = DIRECTION('',(1.,0.));
#3626 = ( GEOMETRIC_REPRESENTATION_CONTEXT(2) 
PARAMETRIC_REPRESENTATION_CONTEXT() REPRESENTATION_CONTEXT('2D SPACE',''
  ) );
#3627 = FACE_BOUND('',#3628,.T.);
#3628 = EDGE_LOOP('',(#3629,#3660));
#3629 = ORIENTED_EDGE('',*,*,#3630,.F.);
#3630 = EDGE_CURVE('',#3631,#3633,#3635,.T.);
#3631 = VERTEX_POINT('',#3632);
#3632 = CARTESIAN_POINT('',(36.50000001916,-26.5,2.));
#3633 = VERTEX_POINT('',#3634);
#3634 = CARTESIAN_POINT('',(40.,-23.,2.));
#3635 = SURFACE_CURVE('',#3636,(#3641,#3648),.PCURVE_S1.);
#3636 = CIRCLE('',#3637,3.5);
#3637 = AXIS2_PLACEMENT_3D('',#3638,#3639,#3640);
#3638 = CARTESIAN_POINT('',(36.5,-23.,2.));
#3639 = DIRECTION('',(0.,0.,1.));
#3640 = DIRECTION('',(1.,0.,-0.));
#3641 = PCURVE('',#2329,#3642);
#3642 = DEFINITIONAL_REPRESENTATION('',(#3643),#3647);
#3643 = CIRCLE('',#3644,3.5);
#3644 = AXIS2_PLACEMENT_2D('',#3645,#3646);
#3645 = CARTESIAN_POINT('',(77.,3.5));
#3646 = DIRECTION('',(1.,0.));
#3647 = ( GEOMETRIC_REPRESENTATION_CONTEXT(2) 
PARAMETRIC_REPRESENTATION_CONTEXT() REPRESENTATION_CONTEXT('2D SPACE',''
  ) );
#3648 = PCURVE('',#3649,#3654);
#3649 = CYLINDRICAL_SURFACE('',#3650,3.5);
#3650 = AXIS2_PLACEMENT_3D('',#3651,#3652,#3653);
#3651 = CARTESIAN_POINT('',(36.5,-23.,2.));
#3652 = DIRECTION('',(0.,0.,1.));
#3653 = DIRECTION('',(1.,0.,-0.));
#3654 = DEFINITIONAL_REPRESENTATION('',(#3655),#3659);
#3655 = LINE('',#3656,#3657);
#3656 = CARTESIAN_POINT('',(0.,0.));
#3657 = VECTOR('',#3658,1.);
#3658 = DIRECTION('',(1.,0.));
#3659 = ( GEOMETRIC_REPRESENTATION_CONTEXT(2) 
PARAMETRIC_REPRESENTATION_CONTEXT() REPRESENTATION_CONTEXT('2D SPACE',''
  ) );
#3660 = ORIENTED_EDGE('',*,*,#3661,.F.);
#3661 = EDGE_CURVE('',#3633,#3631,#3662,.T.);
#3662 = SURFACE_CURVE('',#3663,(#3668,#3675),.PCURVE_S1.);
#3663 = CIRCLE('',#3664,3.5);
#3664 = AXIS2_PLACEMENT_3D('',#3665,#3666,#3667);
#3665 = CARTESIAN_POINT('',(36.5,-23.,2.));
#3666 = DIRECTION('',(0.,0.,1.));
#3667 = DIRECTION('',(1.,0.,-0.));
#3668 = PCURVE('',#2329,#3669);
#3669 = DEFINITIONAL_REPRESENTATION('',(#3670),#3674);
#3670 = CIRCLE('',#3671,3.5);
#3671 = AXIS2_PLACEMENT_2D('',#3672,#3673);
#3672 = CARTESIAN_POINT('',(77.,3.5));
#3673 = DIRECTION('',(1.,0.));
#3674 = ( GEOMETRIC_REPRESENTATION_CONTEXT(2) 
PARAMETRIC_REPRESENTATION_CONTEXT() REPRESENTATION_CONTEXT('2D SPACE',''
  ) );
#3675 = PCURVE('',#3676,#3681);
#3676 = CYLINDRICAL_SURFACE('',#3677,3.5);
#3677 = AXIS2_PLACEMENT_3D('',#3678,#3679,#3680);
#3678 = CARTESIAN_POINT('',(36.5,-23.,2.));
#3679 = DIRECTION('',(0.,0.,1.));
#3680 = DIRECTION('',(1.,0.,-0.));
#3681 = DEFINITIONAL_REPRESENTATION('',(#3682),#3686);
#3682 = LINE('',#3683,#3684);
#3683 = CARTESIAN_POINT('',(0.,0.));
#3684 = VECTOR('',#3685,1.);
#3685 = DIRECTION('',(1.,0.));
#3686 = ( GEOMETRIC_REPRESENTATION_CONTEXT(2) 
PARAMETRIC_REPRESENTATION_CONTEXT() REPRESENTATION_CONTEXT('2D SPACE',''
  ) );
#3687 = FACE_BOUND('',#3688,.T.);
#3688 = EDGE_LOOP('',(#3689,#3720));
#3689 = ORIENTED_EDGE('',*,*,#3690,.F.);
#3690 = EDGE_CURVE('',#3691,#3693,#3695,.T.);
#3691 = VERTEX_POINT('',#3692);
#3692 = CARTESIAN_POINT('',(-36.5,26.5,2.));
#3693 = VERTEX_POINT('',#3694);
#3694 = CARTESIAN_POINT('',(-33.,23.,2.));
#3695 = SURFACE_CURVE('',#3696,(#3701,#3708),.PCURVE_S1.);
#3696 = CIRCLE('',#3697,3.5);
#3697 = AXIS2_PLACEMENT_3D('',#3698,#3699,#3700);
#3698 = CARTESIAN_POINT('',(-36.5,23.,2.));
#3699 = DIRECTION('',(0.,0.,1.));
#3700 = DIRECTION('',(1.,0.,-0.));
#3701 = PCURVE('',#2329,#3702);
#3702 = DEFINITIONAL_REPRESENTATION('',(#3703),#3707);
#3703 = CIRCLE('',#3704,3.5);
#3704 = AXIS2_PLACEMENT_2D('',#3705,#3706);
#3705 = CARTESIAN_POINT('',(4.,49.5));
#3706 = DIRECTION('',(1.,0.));
#3707 = ( GEOMETRIC_REPRESENTATION_CONTEXT(2) 
PARAMETRIC_REPRESENTATION_CONTEXT() REPRESENTATION_CONTEXT('2D SPACE',''
  ) );
#3708 = PCURVE('',#3709,#3714);
#3709 = CYLINDRICAL_SURFACE('',#3710,3.5);
#3710 = AXIS2_PLACEMENT_3D('',#3711,#3712,#3713);
#3711 = CARTESIAN_POINT('',(-36.5,23.,2.));
#3712 = DIRECTION('',(0.,0.,1.));
#3713 = DIRECTION('',(1.,0.,-0.));
#3714 = DEFINITIONAL_REPRESENTATION('',(#3715),#3719);
#3715 = LINE('',#3716,#3717);
#3716 = CARTESIAN_POINT('',(0.,0.));
#3717 = VECTOR('',#3718,1.);
#3718 = DIRECTION('',(1.,0.));
#3719 = ( GEOMETRIC_REPRESENTATION_CONTEXT(2) 
PARAMETRIC_REPRESENTATION_CONTEXT() REPRESENTATION_CONTEXT('2D SPACE',''
  ) );
#3720 = ORIENTED_EDGE('',*,*,#3721,.F.);
#3721 = EDGE_CURVE('',#3693,#3691,#3722,.T.);
#3722 = SURFACE_CURVE('',#3723,(#3728,#3735),.PCURVE_S1.);
#3723 = CIRCLE('',#3724,3.5);
#3724 = AXIS2_PLACEMENT_3D('',#3725,#3726,#3727);
#3725 = CARTESIAN_POINT('',(-36.5,23.,2.));
#3726 = DIRECTION('',(0.,0.,1.));
#3727 = DIRECTION('',(1.,0.,-0.));
#3728 = PCURVE('',#2329,#3729);
#3729 = DEFINITIONAL_REPRESENTATION('',(#3730),#3734);
#3730 = CIRCLE('',#3731,3.5);
#3731 = AXIS2_PLACEMENT_2D('',#3732,#3733);
#3732 = CARTESIAN_POINT('',(4.,49.5));
#3733 = DIRECTION('',(1.,0.));
#3734 = ( GEOMETRIC_REPRESENTATION_CONTEXT(2) 
PARAMETRIC_REPRESENTATION_CONTEXT() REPRESENTATION_CONTEXT('2D SPACE',''
  ) );
#3735 = PCURVE('',#3736,#3741);
#3736 = CYLINDRICAL_SURFACE('',#3737,3.5);
#3737 = AXIS2_PLACEMENT_3D('',#3738,#3739,#3740);
#3738 = CARTESIAN_POINT('',(-36.5,23.,2.));
#3739 = DIRECTION('',(0.,0.,1.));
#3740 = DIRECTION('',(1.,0.,-0.));
#3741 = DEFINITIONAL_REPRESENTATION('',(#3742),#3746);
#3742 = LINE('',#3743,#3744);
#3743 = CARTESIAN_POINT('',(0.,0.));
#3744 = VECTOR('',#3745,1.);
#3745 = DIRECTION('',(1.,0.));
#3746 = ( GEOMETRIC_REPRESENTATION_CONTEXT(2) 
PARAMETRIC_REPRESENTATION_CONTEXT() REPRESENTATION_CONTEXT('2D SPACE',''
  ) );
#3747 = FACE_BOUND('',#3748,.T.);
#3748 = EDGE_LOOP('',(#3749,#3780));
#3749 = ORIENTED_EDGE('',*,*,#3750,.F.);
#3750 = EDGE_CURVE('',#3751,#3753,#3755,.T.);
#3751 = VERTEX_POINT('',#3752);
#3752 = CARTESIAN_POINT('',(36.500000031001,26.5,2.));
#3753 = VERTEX_POINT('',#3754);
#3754 = CARTESIAN_POINT('',(40.,23.,2.));
#3755 = SURFACE_CURVE('',#3756,(#3761,#3768),.PCURVE_S1.);
#3756 = CIRCLE('',#3757,3.5);
#3757 = AXIS2_PLACEMENT_3D('',#3758,#3759,#3760);
#3758 = CARTESIAN_POINT('',(36.5,23.,2.));
#3759 = DIRECTION('',(0.,0.,1.));
#3760 = DIRECTION('',(1.,0.,-0.));
#3761 = PCURVE('',#2329,#3762);
#3762 = DEFINITIONAL_REPRESENTATION('',(#3763),#3767);
#3763 = CIRCLE('',#3764,3.5);
#3764 = AXIS2_PLACEMENT_2D('',#3765,#3766);
#3765 = CARTESIAN_POINT('',(77.,49.5));
#3766 = DIRECTION('',(1.,0.));
#3767 = ( GEOMETRIC_REPRESENTATION_CONTEXT(2) 
PARAMETRIC_REPRESENTATION_CONTEXT() REPRESENTATION_CONTEXT('2D SPACE',''
  ) );
#3768 = PCURVE('',#3769,#3774);
#3769 = CYLINDRICAL_SURFACE('',#3770,3.5);
#3770 = AXIS2_PLACEMENT_3D('',#3771,#3772,#3773);
#3771 = CARTESIAN_POINT('',(36.5,23.,2.));
#3772 = DIRECTION('',(0.,0.,1.));
#3773 = DIRECTION('',(1.,0.,-0.));
#3774 = DEFINITIONAL_REPRESENTATION('',(#3775),#3779);
#3775 = LINE('',#3776,#3777);
#3776 = CARTESIAN_POINT('',(0.,0.));
#3777 = VECTOR('',#3778,1.);
#3778 = DIRECTION('',(1.,0.));
#3779 = ( GEOMETRIC_REPRESENTATION_CONTEXT(2) 
PARAMETRIC_REPRESENTATION_CONTEXT() REPRESENTATION_CONTEXT('2D SPACE',''
  ) );
#3780 = ORIENTED_EDGE('',*,*,#3781,.F.);
#3781 = EDGE_CURVE('',#3753,#3751,#3782,.T.);
#3782 = SURFACE_CURVE('',#3783,(#3788,#3795),.PCURVE_S1.);
#3783 = CIRCLE('',#3784,3.5);
#3784 = AXIS2_PLACEMENT_3D('',#3785,#3786,#3787);
#3785 = CARTESIAN_POINT('',(36.5,23.,2.));
#3786 = DIRECTION('',(0.,0.,1.));
#3787 = DIRECTION('',(1.,0.,-0.));
#3788 = PCURVE('',#2329,#3789);
#3789 = DEFINITIONAL_REPRESENTATION('',(#3790),#3794);
#3790 = CIRCLE('',#3791,3.5);
#3791 = AXIS2_PLACEMENT_2D('',#3792,#3793);
#3792 = CARTESIAN_POINT('',(77.,49.5));
#3793 = DIRECTION('',(1.,0.));
#3794 = ( GEOMETRIC_REPRESENTATION_CONTEXT(2) 
PARAMETRIC_REPRESENTATION_CONTEXT() REPRESENTATION_CONTEXT('2D SPACE',''
  ) );
#3795 = PCURVE('',#3796,#3801);
#3796 = CYLINDRICAL_SURFACE('',#3797,3.5);
#3797 = AXIS2_PLACEMENT_3D('',#3798,#3799,#3800);
#3798 = CARTESIAN_POINT('',(36.5,23.,2.));
#3799 = DIRECTION('',(0.,0.,1.));
#3800 = DIRECTION('',(1.,0.,-0.));
#3801 = DEFINITIONAL_REPRESENTATION('',(#3802),#3806);
#3802 = LINE('',#3803,#3804);
#3803 = CARTESIAN_POINT('',(0.,0.));
#3804 = VECTOR('',#3805,1.);
#3805 = DIRECTION('',(1.,0.));
#3806 = ( GEOMETRIC_REPRESENTATION_CONTEXT(2) 
PARAMETRIC_REPRESENTATION_CONTEXT() REPRESENTATION_CONTEXT('2D SPACE',''
  ) );
#3807 = ADVANCED_FACE('',(#3808,#3856),#3044,.T.);
#3808 = FACE_BOUND('',#3809,.T.);
#3809 = EDGE_LOOP('',(#3810,#3834));
#3810 = ORIENTED_EDGE('',*,*,#3811,.T.);
#3811 = EDGE_CURVE('',#3812,#853,#3814,.T.);
#3812 = VERTEX_POINT('',#3813);
#3813 = CARTESIAN_POINT('',(-33.,-23.,15.));
#3814 = SURFACE_CURVE('',#3815,(#3820,#3827),.PCURVE_S1.);
#3815 = CIRCLE('',#3816,3.5);
#3816 = AXIS2_PLACEMENT_3D('',#3817,#3818,#3819);
#3817 = CARTESIAN_POINT('',(-36.5,-23.,15.));
#3818 = DIRECTION('',(0.,0.,1.));
#3819 = DIRECTION('',(1.,0.,-0.));
#3820 = PCURVE('',#3044,#3821);
#3821 = DEFINITIONAL_REPRESENTATION('',(#3822),#3826);
#3822 = CIRCLE('',#3823,3.5);
#3823 = AXIS2_PLACEMENT_2D('',#3824,#3825);
#3824 = CARTESIAN_POINT('',(0.,0.));
#3825 = DIRECTION('',(1.,0.));
#3826 = ( GEOMETRIC_REPRESENTATION_CONTEXT(2) 
PARAMETRIC_REPRESENTATION_CONTEXT() REPRESENTATION_CONTEXT('2D SPACE',''
  ) );
#3827 = PCURVE('',#3616,#3828);
#3828 = DEFINITIONAL_REPRESENTATION('',(#3829),#3833);
#3829 = LINE('',#3830,#3831);
#3830 = CARTESIAN_POINT('',(0.,13.));
#3831 = VECTOR('',#3832,1.);
#3832 = DIRECTION('',(1.,0.));
#3833 = ( GEOMETRIC_REPRESENTATION_CONTEXT(2) 
PARAMETRIC_REPRESENTATION_CONTEXT() REPRESENTATION_CONTEXT('2D SPACE',''
  ) );
#3834 = ORIENTED_EDGE('',*,*,#3835,.T.);
#3835 = EDGE_CURVE('',#853,#3812,#3836,.T.);
#3836 = SURFACE_CURVE('',#3837,(#3842,#3849),.PCURVE_S1.);
#3837 = CIRCLE('',#3838,3.5);
#3838 = AXIS2_PLACEMENT_3D('',#3839,#3840,#3841);
#3839 = CARTESIAN_POINT('',(-36.5,-23.,15.));
#3840 = DIRECTION('',(0.,0.,1.));
#3841 = DIRECTION('',(1.,0.,-0.));
#3842 = PCURVE('',#3044,#3843);
#3843 = DEFINITIONAL_REPRESENTATION('',(#3844),#3848);
#3844 = CIRCLE('',#3845,3.5);
#3845 = AXIS2_PLACEMENT_2D('',#3846,#3847);
#3846 = CARTESIAN_POINT('',(0.,0.));
#3847 = DIRECTION('',(1.,0.));
#3848 = ( GEOMETRIC_REPRESENTATION_CONTEXT(2) 
PARAMETRIC_REPRESENTATION_CONTEXT() REPRESENTATION_CONTEXT('2D SPACE',''
  ) );
#3849 = PCURVE('',#3589,#3850);
#3850 = DEFINITIONAL_REPRESENTATION('',(#3851),#3855);
#3851 = LINE('',#3852,#3853);
#3852 = CARTESIAN_POINT('',(0.,13.));
#3853 = VECTOR('',#3854,1.);
#3854 = DIRECTION('',(1.,0.));
#3855 = ( GEOMETRIC_REPRESENTATION_CONTEXT(2) 
PARAMETRIC_REPRESENTATION_CONTEXT() REPRESENTATION_CONTEXT('2D SPACE',''
  ) );
#3856 = FACE_BOUND('',#3857,.T.);
#3857 = EDGE_LOOP('',(#3858));
#3858 = ORIENTED_EDGE('',*,*,#3027,.F.);
#3859 = ADVANCED_FACE('',(#3860,#3908),#3099,.T.);
#3860 = FACE_BOUND('',#3861,.T.);
#3861 = EDGE_LOOP('',(#3862,#3886));
#3862 = ORIENTED_EDGE('',*,*,#3863,.T.);
#3863 = EDGE_CURVE('',#3864,#827,#3866,.T.);
#3864 = VERTEX_POINT('',#3865);
#3865 = CARTESIAN_POINT('',(40.,-23.,15.));
#3866 = SURFACE_CURVE('',#3867,(#3872,#3879),.PCURVE_S1.);
#3867 = CIRCLE('',#3868,3.5);
#3868 = AXIS2_PLACEMENT_3D('',#3869,#3870,#3871);
#3869 = CARTESIAN_POINT('',(36.5,-23.,15.));
#3870 = DIRECTION('',(0.,0.,1.));
#3871 = DIRECTION('',(1.,0.,-0.));
#3872 = PCURVE('',#3099,#3873);
#3873 = DEFINITIONAL_REPRESENTATION('',(#3874),#3878);
#3874 = CIRCLE('',#3875,3.5);
#3875 = AXIS2_PLACEMENT_2D('',#3876,#3877);
#3876 = CARTESIAN_POINT('',(0.,0.));
#3877 = DIRECTION('',(1.,0.));
#3878 = ( GEOMETRIC_REPRESENTATION_CONTEXT(2) 
PARAMETRIC_REPRESENTATION_CONTEXT() REPRESENTATION_CONTEXT('2D SPACE',''
  ) );
#3879 = PCURVE('',#3676,#3880);
#3880 = DEFINITIONAL_REPRESENTATION('',(#3881),#3885);
#3881 = LINE('',#3882,#3883);
#3882 = CARTESIAN_POINT('',(0.,13.));
#3883 = VECTOR('',#3884,1.);
#3884 = DIRECTION('',(1.,0.));
#3885 = ( GEOMETRIC_REPRESENTATION_CONTEXT(2) 
PARAMETRIC_REPRESENTATION_CONTEXT() REPRESENTATION_CONTEXT('2D SPACE',''
  ) );
#3886 = ORIENTED_EDGE('',*,*,#3887,.T.);
#3887 = EDGE_CURVE('',#827,#3864,#3888,.T.);
#3888 = SURFACE_CURVE('',#3889,(#3894,#3901),.PCURVE_S1.);
#3889 = CIRCLE('',#3890,3.5);
#3890 = AXIS2_PLACEMENT_3D('',#3891,#3892,#3893);
#3891 = CARTESIAN_POINT('',(36.5,-23.,15.));
#3892 = DIRECTION('',(0.,0.,1.));
#3893 = DIRECTION('',(1.,0.,-0.));
#3894 = PCURVE('',#3099,#3895);
#3895 = DEFINITIONAL_REPRESENTATION('',(#3896),#3900);
#3896 = CIRCLE('',#3897,3.5);
#3897 = AXIS2_PLACEMENT_2D('',#3898,#3899);
#3898 = CARTESIAN_POINT('',(0.,0.));
#3899 = DIRECTION('',(1.,0.));
#3900 = ( GEOMETRIC_REPRESENTATION_CONTEXT(2) 
PARAMETRIC_REPRESENTATION_CONTEXT() REPRESENTATION_CONTEXT('2D SPACE',''
  ) );
#3901 = PCURVE('',#3649,#3902);
#3902 = DEFINITIONAL_REPRESENTATION('',(#3903),#3907);
#3903 = LINE('',#3904,#3905);
#3904 = CARTESIAN_POINT('',(0.,13.));
#3905 = VECTOR('',#3906,1.);
#3906 = DIRECTION('',(1.,0.));
#3907 = ( GEOMETRIC_REPRESENTATION_CONTEXT(2) 
PARAMETRIC_REPRESENTATION_CONTEXT() REPRESENTATION_CONTEXT('2D SPACE',''
  ) );
#3908 = FACE_BOUND('',#3909,.T.);
#3909 = EDGE_LOOP('',(#3910));
#3910 = ORIENTED_EDGE('',*,*,#3082,.F.);
#3911 = ADVANCED_FACE('',(#3912,#3960),#3262,.T.);
#3912 = FACE_BOUND('',#3913,.T.);
#3913 = EDGE_LOOP('',(#3914,#3938));
#3914 = ORIENTED_EDGE('',*,*,#3915,.T.);
#3915 = EDGE_CURVE('',#3916,#665,#3918,.T.);
#3916 = VERTEX_POINT('',#3917);
#3917 = CARTESIAN_POINT('',(-33.,23.,15.));
#3918 = SURFACE_CURVE('',#3919,(#3924,#3931),.PCURVE_S1.);
#3919 = CIRCLE('',#3920,3.5);
#3920 = AXIS2_PLACEMENT_3D('',#3921,#3922,#3923);
#3921 = CARTESIAN_POINT('',(-36.5,23.,15.));
#3922 = DIRECTION('',(0.,0.,1.));
#3923 = DIRECTION('',(1.,0.,-0.));
#3924 = PCURVE('',#3262,#3925);
#3925 = DEFINITIONAL_REPRESENTATION('',(#3926),#3930);
#3926 = CIRCLE('',#3927,3.5);
#3927 = AXIS2_PLACEMENT_2D('',#3928,#3929);
#3928 = CARTESIAN_POINT('',(0.,0.));
#3929 = DIRECTION('',(1.,0.));
#3930 = ( GEOMETRIC_REPRESENTATION_CONTEXT(2) 
PARAMETRIC_REPRESENTATION_CONTEXT() REPRESENTATION_CONTEXT('2D SPACE',''
  ) );
#3931 = PCURVE('',#3736,#3932);
#3932 = DEFINITIONAL_REPRESENTATION('',(#3933),#3937);
#3933 = LINE('',#3934,#3935);
#3934 = CARTESIAN_POINT('',(0.,13.));
#3935 = VECTOR('',#3936,1.);
#3936 = DIRECTION('',(1.,0.));
#3937 = ( GEOMETRIC_REPRESENTATION_CONTEXT(2) 
PARAMETRIC_REPRESENTATION_CONTEXT() REPRESENTATION_CONTEXT('2D SPACE',''
  ) );
#3938 = ORIENTED_EDGE('',*,*,#3939,.T.);
#3939 = EDGE_CURVE('',#665,#3916,#3940,.T.);
#3940 = SURFACE_CURVE('',#3941,(#3946,#3953),.PCURVE_S1.);
#3941 = CIRCLE('',#3942,3.5);
#3942 = AXIS2_PLACEMENT_3D('',#3943,#3944,#3945);
#3943 = CARTESIAN_POINT('',(-36.5,23.,15.));
#3944 = DIRECTION('',(0.,0.,1.));
#3945 = DIRECTION('',(1.,0.,-0.));
#3946 = PCURVE('',#3262,#3947);
#3947 = DEFINITIONAL_REPRESENTATION('',(#3948),#3952);
#3948 = CIRCLE('',#3949,3.5);
#3949 = AXIS2_PLACEMENT_2D('',#3950,#3951);
#3950 = CARTESIAN_POINT('',(0.,0.));
#3951 = DIRECTION('',(1.,0.));
#3952 = ( GEOMETRIC_REPRESENTATION_CONTEXT(2) 
PARAMETRIC_REPRESENTATION_CONTEXT() REPRESENTATION_CONTEXT('2D SPACE',''
  ) );
#3953 = PCURVE('',#3709,#3954);
#3954 = DEFINITIONAL_REPRESENTATION('',(#3955),#3959);
#3955 = LINE('',#3956,#3957);
#3956 = CARTESIAN_POINT('',(0.,13.));
#3957 = VECTOR('',#3958,1.);
#3958 = DIRECTION('',(1.,0.));
#3959 = ( GEOMETRIC_REPRESENTATION_CONTEXT(2) 
PARAMETRIC_REPRESENTATION_CONTEXT() REPRESENTATION_CONTEXT('2D SPACE',''
  ) );
#3960 = FACE_BOUND('',#3961,.T.);
#3961 = EDGE_LOOP('',(#3962));
#3962 = ORIENTED_EDGE('',*,*,#3245,.F.);
#3963 = ADVANCED_FACE('',(#3964,#4012),#3317,.T.);
#3964 = FACE_BOUND('',#3965,.T.);
#3965 = EDGE_LOOP('',(#3966,#3990));
#3966 = ORIENTED_EDGE('',*,*,#3967,.T.);
#3967 = EDGE_CURVE('',#3968,#691,#3970,.T.);
#3968 = VERTEX_POINT('',#3969);
#3969 = CARTESIAN_POINT('',(40.,23.,15.));
#3970 = SURFACE_CURVE('',#3971,(#3976,#3983),.PCURVE_S1.);
#3971 = CIRCLE('',#3972,3.5);
#3972 = AXIS2_PLACEMENT_3D('',#3973,#3974,#3975);
#3973 = CARTESIAN_POINT('',(36.5,23.,15.));
#3974 = DIRECTION('',(0.,0.,1.));
#3975 = DIRECTION('',(1.,0.,-0.));
#3976 = PCURVE('',#3317,#3977);
#3977 = DEFINITIONAL_REPRESENTATION('',(#3978),#3982);
#3978 = CIRCLE('',#3979,3.5);
#3979 = AXIS2_PLACEMENT_2D('',#3980,#3981);
#3980 = CARTESIAN_POINT('',(0.,0.));
#3981 = DIRECTION('',(1.,0.));
#3982 = ( GEOMETRIC_REPRESENTATION_CONTEXT(2) 
PARAMETRIC_REPRESENTATION_CONTEXT() REPRESENTATION_CONTEXT('2D SPACE',''
  ) );
#3983 = PCURVE('',#3796,#3984);
#3984 = DEFINITIONAL_REPRESENTATION('',(#3985),#3989);
#3985 = LINE('',#3986,#3987);
#3986 = CARTESIAN_POINT('',(0.,13.));
#3987 = VECTOR('',#3988,1.);
#3988 = DIRECTION('',(1.,0.));
#3989 = ( GEOMETRIC_REPRESENTATION_CONTEXT(2) 
PARAMETRIC_REPRESENTATION_CONTEXT() REPRESENTATION_CONTEXT('2D SPACE',''
  ) );
#3990 = ORIENTED_EDGE('',*,*,#3991,.T.);
#3991 = EDGE_CURVE('',#691,#3968,#3992,.T.);
#3992 = SURFACE_CURVE('',#3993,(#3998,#4005),.PCURVE_S1.);
#3993 = CIRCLE('',#3994,3.5);
#3994 = AXIS2_PLACEMENT_3D('',#3995,#3996,#3997);
#3995 = CARTESIAN_POINT('',(36.5,23.,15.));
#3996 = DIRECTION('',(0.,0.,1.));
#3997 = DIRECTION('',(1.,0.,-0.));
#3998 = PCURVE('',#3317,#3999);
#3999 = DEFINITIONAL_REPRESENTATION('',(#4000),#4004);
#4000 = CIRCLE('',#4001,3.5);
#4001 = AXIS2_PLACEMENT_2D('',#4002,#4003);
#4002 = CARTESIAN_POINT('',(0.,0.));
#4003 = DIRECTION('',(1.,0.));
#4004 = ( GEOMETRIC_REPRESENTATION_CONTEXT(2) 
PARAMETRIC_REPRESENTATION_CONTEXT() REPRESENTATION_CONTEXT('2D SPACE',''
  ) );
#4005 = PCURVE('',#3769,#4006);
#4006 = DEFINITIONAL_REPRESENTATION('',(#4007),#4011);
#4007 = LINE('',#4008,#4009);
#4008 = CARTESIAN_POINT('',(0.,13.));
#4009 = VECTOR('',#4010,1.);
#4010 = DIRECTION('',(1.,0.));
#4011 = ( GEOMETRIC_REPRESENTATION_CONTEXT(2) 
PARAMETRIC_REPRESENTATION_CONTEXT() REPRESENTATION_CONTEXT('2D SPACE',''
  ) );
#4012 = FACE_BOUND('',#4013,.T.);
#4013 = EDGE_LOOP('',(#4014));
#4014 = ORIENTED_EDGE('',*,*,#3300,.F.);
#4015 = ADVANCED_FACE('',(#4016),#3589,.T.);
#4016 = FACE_BOUND('',#4017,.T.);
#4017 = EDGE_LOOP('',(#4018,#4039,#4040,#4041));
#4018 = ORIENTED_EDGE('',*,*,#4019,.T.);
#4019 = EDGE_CURVE('',#3573,#3812,#4020,.T.);
#4020 = SURFACE_CURVE('',#4021,(#4025,#4032),.PCURVE_S1.);
#4021 = LINE('',#4022,#4023);
#4022 = CARTESIAN_POINT('',(-33.,-23.,2.));
#4023 = VECTOR('',#4024,1.);
#4024 = DIRECTION('',(0.,0.,1.));
#4025 = PCURVE('',#3589,#4026);
#4026 = DEFINITIONAL_REPRESENTATION('',(#4027),#4031);
#4027 = LINE('',#4028,#4029);
#4028 = CARTESIAN_POINT('',(6.28318530718,-0.));
#4029 = VECTOR('',#4030,1.);
#4030 = DIRECTION('',(0.,1.));
#4031 = ( GEOMETRIC_REPRESENTATION_CONTEXT(2) 
PARAMETRIC_REPRESENTATION_CONTEXT() REPRESENTATION_CONTEXT('2D SPACE',''
  ) );
#4032 = PCURVE('',#3616,#4033);
#4033 = DEFINITIONAL_REPRESENTATION('',(#4034),#4038);
#4034 = LINE('',#4035,#4036);
#4035 = CARTESIAN_POINT('',(0.,-0.));
#4036 = VECTOR('',#4037,1.);
#4037 = DIRECTION('',(0.,1.));
#4038 = ( GEOMETRIC_REPRESENTATION_CONTEXT(2) 
PARAMETRIC_REPRESENTATION_CONTEXT() REPRESENTATION_CONTEXT('2D SPACE',''
  ) );
#4039 = ORIENTED_EDGE('',*,*,#3835,.F.);
#4040 = ORIENTED_EDGE('',*,*,#2458,.F.);
#4041 = ORIENTED_EDGE('',*,*,#3570,.T.);
#4042 = ADVANCED_FACE('',(#4043),#3616,.T.);
#4043 = FACE_BOUND('',#4044,.T.);
#4044 = EDGE_LOOP('',(#4045,#4046,#4047,#4048));
#4045 = ORIENTED_EDGE('',*,*,#3811,.F.);
#4046 = ORIENTED_EDGE('',*,*,#4019,.F.);
#4047 = ORIENTED_EDGE('',*,*,#3601,.T.);
#4048 = ORIENTED_EDGE('',*,*,#2458,.T.);
#4049 = ADVANCED_FACE('',(#4050),#3649,.T.);
#4050 = FACE_BOUND('',#4051,.T.);
#4051 = EDGE_LOOP('',(#4052,#4073,#4074,#4075));
#4052 = ORIENTED_EDGE('',*,*,#4053,.T.);
#4053 = EDGE_CURVE('',#3633,#3864,#4054,.T.);
#4054 = SURFACE_CURVE('',#4055,(#4059,#4066),.PCURVE_S1.);
#4055 = LINE('',#4056,#4057);
#4056 = CARTESIAN_POINT('',(40.,-23.,2.));
#4057 = VECTOR('',#4058,1.);
#4058 = DIRECTION('',(0.,0.,1.));
#4059 = PCURVE('',#3649,#4060);
#4060 = DEFINITIONAL_REPRESENTATION('',(#4061),#4065);
#4061 = LINE('',#4062,#4063);
#4062 = CARTESIAN_POINT('',(6.28318530718,-0.));
#4063 = VECTOR('',#4064,1.);
#4064 = DIRECTION('',(0.,1.));
#4065 = ( GEOMETRIC_REPRESENTATION_CONTEXT(2) 
PARAMETRIC_REPRESENTATION_CONTEXT() REPRESENTATION_CONTEXT('2D SPACE',''
  ) );
#4066 = PCURVE('',#3676,#4067);
#4067 = DEFINITIONAL_REPRESENTATION('',(#4068),#4072);
#4068 = LINE('',#4069,#4070);
#4069 = CARTESIAN_POINT('',(0.,-0.));
#4070 = VECTOR('',#4071,1.);
#4071 = DIRECTION('',(0.,1.));
#4072 = ( GEOMETRIC_REPRESENTATION_CONTEXT(2) 
PARAMETRIC_REPRESENTATION_CONTEXT() REPRESENTATION_CONTEXT('2D SPACE',''
  ) );
#4073 = ORIENTED_EDGE('',*,*,#3887,.F.);
#4074 = ORIENTED_EDGE('',*,*,#2391,.F.);
#4075 = ORIENTED_EDGE('',*,*,#3630,.T.);
#4076 = ADVANCED_FACE('',(#4077),#3676,.T.);
#4077 = FACE_BOUND('',#4078,.T.);
#4078 = EDGE_LOOP('',(#4079,#4080,#4081,#4082));
#4079 = ORIENTED_EDGE('',*,*,#3863,.F.);
#4080 = ORIENTED_EDGE('',*,*,#4053,.F.);
#4081 = ORIENTED_EDGE('',*,*,#3661,.T.);
#4082 = ORIENTED_EDGE('',*,*,#2391,.T.);
#4083 = ADVANCED_FACE('',(#4084),#3709,.T.);
#4084 = FACE_BOUND('',#4085,.T.);
#4085 = EDGE_LOOP('',(#4086,#4107,#4108,#4109));
#4086 = ORIENTED_EDGE('',*,*,#4087,.T.);
#4087 = EDGE_CURVE('',#3693,#3916,#4088,.T.);
#4088 = SURFACE_CURVE('',#4089,(#4093,#4100),.PCURVE_S1.);
#4089 = LINE('',#4090,#4091);
#4090 = CARTESIAN_POINT('',(-33.,23.,2.));
#4091 = VECTOR('',#4092,1.);
#4092 = DIRECTION('',(0.,0.,1.));
#4093 = PCURVE('',#3709,#4094);
#4094 = DEFINITIONAL_REPRESENTATION('',(#4095),#4099);
#4095 = LINE('',#4096,#4097);
#4096 = CARTESIAN_POINT('',(6.28318530718,-0.));
#4097 = VECTOR('',#4098,1.);
#4098 = DIRECTION('',(0.,1.));
#4099 = ( GEOMETRIC_REPRESENTATION_CONTEXT(2) 
PARAMETRIC_REPRESENTATION_CONTEXT() REPRESENTATION_CONTEXT('2D SPACE',''
  ) );
#4100 = PCURVE('',#3736,#4101);
#4101 = DEFINITIONAL_REPRESENTATION('',(#4102),#4106);
#4102 = LINE('',#4103,#4104);
#4103 = CARTESIAN_POINT('',(0.,-0.));
#4104 = VECTOR('',#4105,1.);
#4105 = DIRECTION('',(0.,1.));
#4106 = ( GEOMETRIC_REPRESENTATION_CONTEXT(2) 
PARAMETRIC_REPRESENTATION_CONTEXT() REPRESENTATION_CONTEXT('2D SPACE',''
  ) );
#4107 = ORIENTED_EDGE('',*,*,#3939,.F.);
#4108 = ORIENTED_EDGE('',*,*,#2732,.F.);
#4109 = ORIENTED_EDGE('',*,*,#3690,.T.);
#4110 = ADVANCED_FACE('',(#4111),#3736,.T.);
#4111 = FACE_BOUND('',#4112,.T.);
#4112 = EDGE_LOOP('',(#4113,#4114,#4115,#4116));
#4113 = ORIENTED_EDGE('',*,*,#3915,.F.);
#4114 = ORIENTED_EDGE('',*,*,#4087,.F.);
#4115 = ORIENTED_EDGE('',*,*,#3721,.T.);
#4116 = ORIENTED_EDGE('',*,*,#2732,.T.);
#4117 = ADVANCED_FACE('',(#4118),#3769,.T.);
#4118 = FACE_BOUND('',#4119,.T.);
#4119 = EDGE_LOOP('',(#4120,#4141,#4142,#4143));
#4120 = ORIENTED_EDGE('',*,*,#4121,.T.);
#4121 = EDGE_CURVE('',#3753,#3968,#4122,.T.);
#4122 = SURFACE_CURVE('',#4123,(#4127,#4134),.PCURVE_S1.);
#4123 = LINE('',#4124,#4125);
#4124 = CARTESIAN_POINT('',(40.,23.,2.));
#4125 = VECTOR('',#4126,1.);
#4126 = DIRECTION('',(0.,0.,1.));
#4127 = PCURVE('',#3769,#4128);
#4128 = DEFINITIONAL_REPRESENTATION('',(#4129),#4133);
#4129 = LINE('',#4130,#4131);
#4130 = CARTESIAN_POINT('',(6.28318530718,-0.));
#4131 = VECTOR('',#4132,1.);
#4132 = DIRECTION('',(0.,1.));
#4133 = ( GEOMETRIC_REPRESENTATION_CONTEXT(2) 
PARAMETRIC_REPRESENTATION_CONTEXT() REPRESENTATION_CONTEXT('2D SPACE',''
  ) );
#4134 = PCURVE('',#3796,#4135);
#4135 = DEFINITIONAL_REPRESENTATION('',(#4136),#4140);
#4136 = LINE('',#4137,#4138);
#4137 = CARTESIAN_POINT('',(0.,-0.));
#4138 = VECTOR('',#4139,1.);
#4139 = DIRECTION('',(0.,1.));
#4140 = ( GEOMETRIC_REPRESENTATION_CONTEXT(2) 
PARAMETRIC_REPRESENTATION_CONTEXT() REPRESENTATION_CONTEXT('2D SPACE',''
  ) );
#4141 = ORIENTED_EDGE('',*,*,#3991,.F.);
#4142 = ORIENTED_EDGE('',*,*,#2685,.F.);
#4143 = ORIENTED_EDGE('',*,*,#3750,.T.);
#4144 = ADVANCED_FACE('',(#4145),#3796,.T.);
#4145 = FACE_BOUND('',#4146,.T.);
#4146 = EDGE_LOOP('',(#4147,#4148,#4149,#4150));
#4147 = ORIENTED_EDGE('',*,*,#3967,.F.);
#4148 = ORIENTED_EDGE('',*,*,#4121,.F.);
#4149 = ORIENTED_EDGE('',*,*,#3781,.T.);
#4150 = ORIENTED_EDGE('',*,*,#2685,.T.);
#4151 = ( GEOMETRIC_REPRESENTATION_CONTEXT(3) 
GLOBAL_UNCERTAINTY_ASSIGNED_CONTEXT((#4155)) 
GLOBAL_UNIT_ASSIGNED_CONTEXT((#4152,#4153,#4154)) REPRESENTATION_CONTEXT
('Context #1','3D Context with UNIT and UNCERTAINTY') );
#4152 = ( LENGTH_UNIT() NAMED_UNIT(*) SI_UNIT(.MILLI.,.METRE.) );
#4153 = ( NAMED_UNIT(*) PLANE_ANGLE_UNIT() SI_UNIT($,.RADIAN.) );
#4154 = ( NAMED_UNIT(*) SI_UNIT($,.STERADIAN.) SOLID_ANGLE_UNIT() );
#4155 = UNCERTAINTY_MEASURE_WITH_UNIT(LENGTH_MEASURE(2.E-07),#4152,
  'distance_accuracy_value','confusion accuracy');
#4156 = PRODUCT_RELATED_PRODUCT_CATEGORY('part',$,(#7));
ENDSEC;
END-ISO-10303-21;
